date,start_et,team_away,pts_away,team_home,pts_home,overtime,n_attending,notes,is_playoffs
2018-10-16,8:00p,Philadelphia 76ers,87,Boston Celtics,105,,18624,,0
2018-10-16,10:30p,Oklahoma City Thunder,100,Golden State Warriors,108,,19596,,0
2018-10-17,10:30p,Dallas Mavericks,100,Phoenix Suns,121,,18055,,0
2018-10-17,10:30p,Denver Nuggets,107,Los Angeles Clippers,98,,19068,,0
2018-10-17,10:00p,Utah Jazz,123,Sacramento Kings,117,,17583,,0
2018-10-17,8:00p,New Orleans Pelicans,131,Houston Rockets,112,,18055,,0
2018-10-17,7:30p,Cleveland Cavaliers,104,Toronto Raptors,116,,19915,,0
2018-10-17,8:30p,Minnesota Timberwolves,108,San Antonio Spurs,112,,18354,,0
2018-10-17,7:00p,Miami Heat,101,Orlando Magic,104,,19191,,0
2018-10-17,7:00p,Memphis Grizzlies,83,Indiana Pacers,111,,17923,,0
2018-10-17,7:00p,Brooklyn Nets,100,Detroit Pistons,103,,20332,,0
2018-10-17,7:00p,Milwaukee Bucks,113,Charlotte Hornets,112,,17889,,0
2018-10-17,7:30p,Atlanta Hawks,107,New York Knicks,126,,18249,,0
2018-10-18,8:00p,Chicago Bulls,108,Philadelphia 76ers,127,,20302,,0
2018-10-18,8:00p,Miami Heat,113,Washington Wizards,112,,20409,,0
2018-10-18,10:30p,Los Angeles Lakers,119,Portland Trail Blazers,128,,19996,,0
2018-10-19,8:30p,Indiana Pacers,101,Milwaukee Bucks,118,,17341,,0
2018-10-19,10:30p,Golden State Warriors,124,Utah Jazz,123,,18306,,0
2018-10-19,10:30p,Oklahoma City Thunder,92,Los Angeles Clippers,108,,14816,,0
2018-10-19,8:00p,Boston Celtics,101,Toronto Raptors,113,,19800,,0
2018-10-19,7:30p,New York Knicks,105,Brooklyn Nets,107,,17732,,0
2018-10-19,8:00p,Cleveland Cavaliers,123,Minnesota Timberwolves,131,,18978,,0
2018-10-19,8:00p,Atlanta Hawks,117,Memphis Grizzlies,131,,17019,,0
2018-10-19,7:00p,Charlotte Hornets,120,Orlando Magic,88,,17668,,0
2018-10-19,8:00p,Sacramento Kings,129,New Orleans Pelicans,149,,18337,,0
2018-10-20,10:30p,Houston Rockets,124,Los Angeles Lakers,115,,18997,,0
2018-10-20,7:00p,Brooklyn Nets,112,Indiana Pacers,132,,17007,,0
2018-10-20,7:00p,Toronto Raptors,117,Washington Wizards,113,,16185,,0
2018-10-20,7:30p,Boston Celtics,103,New York Knicks,101,,19427,,0
2018-10-20,7:30p,Orlando Magic,115,Philadelphia 76ers,116,,20300,,0
2018-10-20,8:00p,Detroit Pistons,118,Chicago Bulls,116,,21289,,0
2018-10-20,8:00p,Charlotte Hornets,113,Miami Heat,112,,19600,,0
2018-10-20,8:30p,Minnesota Timberwolves,136,Dallas Mavericks,140,,20205,,0
2018-10-20,9:00p,Phoenix Suns,91,Denver Nuggets,119,,19592,,0
2018-10-20,10:00p,San Antonio Spurs,108,Portland Trail Blazers,121,,19461,,0
2018-10-21,8:00p,Golden State Warriors,98,Denver Nuggets,100,,19520,,0
2018-10-21,9:00p,Houston Rockets,112,Los Angeles Clippers,115,,16149,,0
2018-10-21,6:00p,Atlanta Hawks,133,Cleveland Cavaliers,111,,19432,,0
2018-10-21,7:00p,Sacramento Kings,131,Oklahoma City Thunder,120,,18203,,0
2018-10-22,7:30p,Orlando Magic,93,Boston Celtics,90,,18624,,0
2018-10-22,10:00p,Washington Wizards,125,Portland Trail Blazers,124,OT,19187,,0
2018-10-22,9:00p,Memphis Grizzlies,92,Utah Jazz,84,,18306,,0
2018-10-22,8:30p,Chicago Bulls,109,Dallas Mavericks,115,,19291,,0
2018-10-22,10:30p,San Antonio Spurs,143,Los Angeles Lakers,142,OT,18997,,0
2018-10-22,8:00p,New York Knicks,113,Milwaukee Bucks,124,,16228,,0
2018-10-22,7:30p,Charlotte Hornets,106,Toronto Raptors,127,,19800,,0
2018-10-22,8:00p,Indiana Pacers,91,Minnesota Timberwolves,101,,10371,,0
2018-10-22,10:30p,Phoenix Suns,103,Golden State Warriors,123,,19596,,0
2018-10-23,7:00p,Philadelphia 76ers,132,Detroit Pistons,133,OT,14418,,0
2018-10-23,8:00p,Los Angeles Clippers,109,New Orleans Pelicans,116,,14625,,0
2018-10-23,9:00p,Sacramento Kings,112,Denver Nuggets,126,,13214,,0
2018-10-24,8:30p,Indiana Pacers,116,San Antonio Spurs,96,,18354,,0
2018-10-24,10:30p,Washington Wizards,122,Golden State Warriors,144,,19596,,0
2018-10-24,10:00p,Memphis Grizzlies,92,Sacramento Kings,97,,14198,,0
2018-10-24,10:00p,Los Angeles Lakers,131,Phoenix Suns,113,,18055,,0
2018-10-24,9:30p,Philadelphia 76ers,108,Milwaukee Bucks,123,,17341,,0
2018-10-24,8:00p,Utah Jazz,100,Houston Rockets,89,,18055,,0
2018-10-24,7:30p,Minnesota Timberwolves,105,Toronto Raptors,112,,19800,,0
2018-10-24,7:30p,New York Knicks,87,Miami Heat,110,,19600,,0
2018-10-24,7:00p,Brooklyn Nets,102,Cleveland Cavaliers,86,,19432,,0
2018-10-24,7:00p,Dallas Mavericks,104,Atlanta Hawks,111,,16705,,0
2018-10-24,8:00p,Charlotte Hornets,110,Chicago Bulls,112,,19170,,0
2018-10-25,7:00p,Cleveland Cavaliers,103,Detroit Pistons,110,,15896,,0
2018-10-25,7:00p,Portland Trail Blazers,128,Orlando Magic,114,,15114,,0
2018-10-25,8:00p,Boston Celtics,101,Oklahoma City Thunder,95,,18203,,0
2018-10-25,10:30p,Denver Nuggets,114,Los Angeles Lakers,121,,18997,,0
2018-10-26,10:00p,Washington Wizards,112,Sacramento Kings,116,,14101,,0
2018-10-26,8:00p,Brooklyn Nets,115,New Orleans Pelicans,117,,15272,,0
2018-10-26,8:00p,Milwaukee Bucks,125,Minnesota Timberwolves,95,,16334,,0
2018-10-26,7:00p,Chicago Bulls,106,Charlotte Hornets,135,,15220,,0
2018-10-26,7:30p,Dallas Mavericks,107,Toronto Raptors,116,,19800,,0
2018-10-26,7:30p,Golden State Warriors,128,New York Knicks,100,,19812,,0
2018-10-26,8:00p,Los Angeles Clippers,133,Houston Rockets,113,,18055,,0
2018-10-27,8:00p,Portland Trail Blazers,111,Miami Heat,120,,19600,,0
2018-10-27,8:30p,Los Angeles Lakers,106,San Antonio Spurs,110,,18589,,0
2018-10-27,8:30p,Orlando Magic,91,Milwaukee Bucks,113,,17341,,0
2018-10-27,8:00p,Phoenix Suns,96,Memphis Grizzlies,117,,15926,,0
2018-10-27,7:30p,Charlotte Hornets,103,Philadelphia 76ers,105,,20203,,0
2018-10-27,7:30p,Indiana Pacers,119,Cleveland Cavaliers,107,,19432,,0
2018-10-27,7:30p,Chicago Bulls,97,Atlanta Hawks,85,,15549,,0
2018-10-27,7:00p,Utah Jazz,132,New Orleans Pelicans,111,,16373,,0
2018-10-27,7:00p,Boston Celtics,109,Detroit Pistons,89,,18120,,0
2018-10-28,5:00p,Golden State Warriors,120,Brooklyn Nets,114,,17732,,0
2018-10-28,7:00p,Utah Jazz,113,Dallas Mavericks,104,,19571,,0
2018-10-28,7:00p,Phoenix Suns,110,Oklahoma City Thunder,117,,18203,,0
2018-10-28,9:30p,Washington Wizards,104,Los Angeles Clippers,136,,16491,,0
2018-10-29,9:00p,New Orleans Pelicans,111,Denver Nuggets,116,,15217,,0
2018-10-29,8:30p,Dallas Mavericks,108,San Antonio Spurs,113,OT,18354,,0
2018-10-29,8:00p,Los Angeles Lakers,120,Minnesota Timberwolves,124,,18978,,0
2018-10-29,8:00p,Toronto Raptors,109,Milwaukee Bucks,124,,17341,,0
2018-10-29,7:30p,Sacramento Kings,123,Miami Heat,113,,19600,,0
2018-10-29,7:30p,Brooklyn Nets,96,New York Knicks,115,,19221,,0
2018-10-29,7:00p,Atlanta Hawks,92,Philadelphia 76ers,113,,20269,,0
2018-10-29,7:00p,Portland Trail Blazers,103,Indiana Pacers,93,,15788,,0
2018-10-29,8:00p,Golden State Warriors,149,Chicago Bulls,124,,21076,,0
2018-10-30,8:00p,Portland Trail Blazers,104,Houston Rockets,85,,18055,,0
2018-10-30,8:00p,Los Angeles Clippers,110,Oklahoma City Thunder,128,,18203,,0
2018-10-30,8:00p,Washington Wizards,95,Memphis Grizzlies,107,,14106,,0
2018-10-30,7:30p,Philadelphia 76ers,112,Toronto Raptors,129,,19800,,0
2018-10-30,7:30p,Detroit Pistons,105,Boston Celtics,108,,18624,,0
2018-10-30,7:00p,Sacramento Kings,107,Orlando Magic,99,,15074,,0
2018-10-30,7:00p,Atlanta Hawks,114,Cleveland Cavaliers,136,,19432,,0
2018-10-30,7:00p,Miami Heat,113,Charlotte Hornets,125,,14117,,0
2018-10-31,10:30p,Dallas Mavericks,113,Los Angeles Lakers,114,,18997,,0
2018-10-31,10:30p,New Orleans Pelicans,121,Golden State Warriors,131,,19596,,0
2018-10-31,8:00p,Indiana Pacers,107,New York Knicks,101,,18295,,0
2018-10-31,10:30p,San Antonio Spurs,120,Phoenix Suns,90,,12328,,0
2018-10-31,8:00p,Denver Nuggets,108,Chicago Bulls,107,OT,19027,,0
2018-10-31,7:30p,Detroit Pistons,119,Brooklyn Nets,120,OT,12862,,0
2018-10-31,8:00p,Utah Jazz,125,Minnesota Timberwolves,128,,10079,,0
2018-11-01,7:00p,Oklahoma City Thunder,111,Charlotte Hornets,107,,14583,,0
2018-11-01,7:00p,Denver Nuggets,110,Cleveland Cavaliers,91,,19432,,0
2018-11-01,7:00p,Los Angeles Clippers,113,Philadelphia 76ers,122,,20246,,0
2018-11-01,7:30p,Sacramento Kings,146,Atlanta Hawks,115,,12095,,0
2018-11-01,8:00p,Milwaukee Bucks,113,Boston Celtics,117,,18624,,0
2018-11-01,10:30p,New Orleans Pelicans,119,Portland Trail Blazers,132,,18921,,0
2018-11-02,9:00p,Memphis Grizzlies,110,Utah Jazz,100,,18306,,0
2018-11-02,10:30p,Minnesota Timberwolves,99,Golden State Warriors,116,,19596,,0
2018-11-02,10:00p,Toronto Raptors,107,Phoenix Suns,98,,15843,,0
2018-11-02,8:30p,New York Knicks,118,Dallas Mavericks,106,,20008,,0
2018-11-02,7:00p,Los Angeles Clippers,120,Orlando Magic,95,,15953,,0
2018-11-02,8:00p,Indiana Pacers,107,Chicago Bulls,105,,19704,,0
2018-11-02,7:30p,Houston Rockets,119,Brooklyn Nets,111,,14013,,0
2018-11-02,8:00p,Oklahoma City Thunder,134,Washington Wizards,111,,20409,,0
2018-11-03,1:00p,Detroit Pistons,99,Philadelphia 76ers,109,,20289,,0
2018-11-03,7:00p,Cleveland Cavaliers,94,Charlotte Hornets,126,,16221,,0
2018-11-03,7:00p,Boston Celtics,101,Indiana Pacers,102,,17505,,0
2018-11-03,7:30p,Miami Heat,118,Atlanta Hawks,123,,16303,,0
2018-11-03,8:00p,Houston Rockets,96,Chicago Bulls,88,,20505,,0
2018-11-03,8:30p,New Orleans Pelicans,95,San Antonio Spurs,109,,18354,,0
2018-11-03,9:00p,Utah Jazz,88,Denver Nuggets,103,,19520,,0
2018-11-03,10:00p,Los Angeles Lakers,114,Portland Trail Blazers,110,,19848,,0
2018-11-04,9:00p,Minnesota Timberwolves,81,Portland Trail Blazers,111,,19522,,0
2018-11-04,8:00p,Memphis Grizzlies,100,Phoenix Suns,102,,13074,,0
2018-11-04,7:00p,Orlando Magic,117,San Antonio Spurs,110,,18354,,0
2018-11-04,9:30p,Toronto Raptors,121,Los Angeles Lakers,107,,18997,,0
2018-11-04,6:00p,Philadelphia 76ers,97,Brooklyn Nets,122,,12826,,0
2018-11-04,3:30p,Sacramento Kings,109,Milwaukee Bucks,144,,17341,,0
2018-11-04,6:00p,New York Knicks,95,Washington Wizards,108,,16679,,0
2018-11-05,10:30p,Minnesota Timberwolves,109,Los Angeles Clippers,120,,16564,,0
2018-11-05,10:30p,Memphis Grizzlies,101,Golden State Warriors,117,,19596,,0
2018-11-05,9:00p,Boston Celtics,107,Denver Nuggets,115,,19520,,0
2018-11-05,8:00p,New Orleans Pelicans,116,Oklahoma City Thunder,122,,18203,,0
2018-11-05,9:00p,Toronto Raptors,124,Utah Jazz,111,,18306,,0
2018-11-05,7:00p,Cleveland Cavaliers,100,Orlando Magic,102,,15009,,0
2018-11-05,7:00p,Houston Rockets,98,Indiana Pacers,94,,14735,,0
2018-11-05,7:00p,Miami Heat,120,Detroit Pistons,115,OT,14148,,0
2018-11-05,7:30p,Chicago Bulls,116,New York Knicks,115,2OT,19812,,0
2018-11-06,7:00p,Atlanta Hawks,102,Charlotte Hornets,113,,13955,,0
2018-11-06,8:30p,Washington Wizards,100,Dallas Mavericks,119,,19234,,0
2018-11-06,9:00p,Brooklyn Nets,104,Phoenix Suns,82,,14205,,0
2018-11-06,10:00p,Milwaukee Bucks,103,Portland Trail Blazers,118,,19512,,0
2018-11-07,8:00p,Chicago Bulls,98,New Orleans Pelicans,107,,15514,,0
2018-11-07,10:00p,Toronto Raptors,114,Sacramento Kings,105,,17583,,0
2018-11-07,9:00p,Dallas Mavericks,102,Utah Jazz,117,,18306,,0
2018-11-07,8:00p,Denver Nuggets,87,Memphis Grizzlies,89,,15832,,0
2018-11-07,10:30p,Minnesota Timberwolves,110,Los Angeles Lakers,114,,18997,,0
2018-11-07,7:30p,San Antonio Spurs,88,Miami Heat,95,,19600,,0
2018-11-07,7:30p,New York Knicks,112,Atlanta Hawks,107,,12412,,0
2018-11-07,7:00p,Detroit Pistons,103,Orlando Magic,96,,16103,,0
2018-11-07,7:00p,Oklahoma City Thunder,95,Cleveland Cavaliers,86,,19432,,0
2018-11-07,8:00p,Philadelphia 76ers,100,Indiana Pacers,94,,16434,,0
2018-11-08,8:00p,Houston Rockets,80,Oklahoma City Thunder,98,,18203,,0
2018-11-08,9:00p,Boston Celtics,116,Phoenix Suns,109,OT,17359,,0
2018-11-08,10:00p,Los Angeles Clippers,105,Portland Trail Blazers,116,,19170,,0
2018-11-08,10:30p,Milwaukee Bucks,134,Golden State Warriors,111,,19596,,0
2018-11-09,10:00p,Minnesota Timberwolves,110,Sacramento Kings,121,,17583,,0
2018-11-09,9:30p,Boston Celtics,115,Utah Jazz,123,,18306,,0
2018-11-09,9:00p,Brooklyn Nets,112,Denver Nuggets,110,,19520,,0
2018-11-09,7:00p,Charlotte Hornets,132,Philadelphia 76ers,133,OT,20424,,0
2018-11-09,7:30p,Detroit Pistons,124,Atlanta Hawks,109,,14759,,0
2018-11-09,7:00p,Washington Wizards,108,Orlando Magic,117,,16562,,0
2018-11-09,8:00p,Indiana Pacers,110,Miami Heat,102,,19600,,0
2018-11-10,8:30p,Brooklyn Nets,100,Golden State Warriors,116,,19596,,0
2018-11-10,10:00p,Los Angeles Lakers,101,Sacramento Kings,86,,17583,,0
2018-11-10,9:00p,Oklahoma City Thunder,96,Dallas Mavericks,111,,19818,,0
2018-11-10,8:30p,Houston Rockets,89,San Antonio Spurs,96,,18354,,0
2018-11-10,8:00p,Washington Wizards,116,Miami Heat,110,,19600,,0
2018-11-10,8:00p,Philadelphia 76ers,106,Memphis Grizzlies,112,OT,16904,,0
2018-11-10,8:00p,Cleveland Cavaliers,98,Chicago Bulls,99,,21506,,0
2018-11-10,7:00p,Phoenix Suns,99,New Orleans Pelicans,119,,15222,,0
2018-11-10,3:30p,Milwaukee Bucks,126,Los Angeles Clippers,128,OT,17486,,0
2018-11-10,3:00p,New York Knicks,112,Toronto Raptors,128,,19800,,0
2018-11-11,9:00p,Boston Celtics,94,Portland Trail Blazers,100,,19712,,0
2018-11-11,8:00p,Milwaukee Bucks,121,Denver Nuggets,114,,19520,,0
2018-11-11,9:30p,Atlanta Hawks,106,Los Angeles Lakers,107,,18997,,0
2018-11-11,7:00p,Indiana Pacers,103,Houston Rockets,115,,18055,,0
2018-11-11,3:30p,Charlotte Hornets,113,Detroit Pistons,103,,15133,,0
2018-11-11,7:30p,Orlando Magic,115,New York Knicks,89,,19812,,0
2018-11-12,10:30p,Golden State Warriors,116,Los Angeles Clippers,121,OT,19068,,0
2018-11-12,7:00p,Orlando Magic,109,Washington Wizards,117,,15346,,0
2018-11-12,7:30p,Philadelphia 76ers,124,Miami Heat,114,,19600,,0
2018-11-12,7:30p,New Orleans Pelicans,126,Toronto Raptors,110,,19800,,0
2018-11-12,8:00p,Dallas Mavericks,103,Chicago Bulls,98,,19012,,0
2018-11-12,8:00p,Utah Jazz,96,Memphis Grizzlies,88,,13477,,0
2018-11-12,8:00p,Brooklyn Nets,113,Minnesota Timberwolves,120,,10186,,0
2018-11-12,8:00p,Phoenix Suns,101,Oklahoma City Thunder,118,,18203,,0
2018-11-12,10:00p,San Antonio Spurs,99,Sacramento Kings,104,,15500,,0
2018-11-13,10:30p,Atlanta Hawks,103,Golden State Warriors,110,,19596,,0
2018-11-13,9:00p,Houston Rockets,109,Denver Nuggets,99,,16741,,0
2018-11-13,7:00p,Charlotte Hornets,89,Cleveland Cavaliers,113,,19432,,0
2018-11-14,10:30p,Portland Trail Blazers,117,Los Angeles Lakers,126,,18997,,0
2018-11-14,9:00p,San Antonio Spurs,96,Phoenix Suns,116,,14532,,0
2018-11-14,8:30p,Utah Jazz,68,Dallas Mavericks,118,,19371,,0
2018-11-14,8:00p,New Orleans Pelicans,100,Minnesota Timberwolves,107,,11636,,0
2018-11-14,8:00p,Memphis Grizzlies,116,Milwaukee Bucks,113,,16817,,0
2018-11-14,8:00p,New York Knicks,103,Oklahoma City Thunder,128,,18203,,0
2018-11-14,7:30p,Miami Heat,120,Brooklyn Nets,107,,13317,,0
2018-11-14,7:30p,Chicago Bulls,82,Boston Celtics,111,,18624,,0
2018-11-14,7:00p,Cleveland Cavaliers,95,Washington Wizards,119,,14537,,0
2018-11-14,7:00p,Philadelphia 76ers,106,Orlando Magic,111,,15921,,0
2018-11-14,7:30p,Detroit Pistons,106,Toronto Raptors,104,,19800,,0
2018-11-15,8:00p,Golden State Warriors,86,Houston Rockets,107,,18055,,0
2018-11-15,9:00p,Atlanta Hawks,93,Denver Nuggets,138,,15103,,0
2018-11-15,10:30p,San Antonio Spurs,111,Los Angeles Clippers,116,,17463,,0
2018-11-16,8:00p,New York Knicks,124,New Orleans Pelicans,129,,14717,,0
2018-11-16,9:30p,Chicago Bulls,104,Milwaukee Bucks,123,,17341,,0
2018-11-16,8:00p,Sacramento Kings,104,Memphis Grizzlies,112,,13811,,0
2018-11-16,8:00p,Portland Trail Blazers,96,Minnesota Timberwolves,112,,18978,,0
2018-11-16,7:00p,Utah Jazz,107,Philadelphia 76ers,113,,20485,,0
2018-11-16,7:00p,Miami Heat,91,Indiana Pacers,99,,17923,,0
2018-11-16,7:00p,Toronto Raptors,116,Boston Celtics,123,OT,18624,,0
2018-11-16,7:00p,Brooklyn Nets,115,Washington Wizards,104,,15102,,0
2018-11-17,9:00p,Oklahoma City Thunder,110,Phoenix Suns,100,,16376,,0
2018-11-17,8:30p,Golden State Warriors,109,Dallas Mavericks,112,,20260,,0
2018-11-17,8:00p,Toronto Raptors,122,Chicago Bulls,83,,21263,,0
2018-11-17,7:30p,Utah Jazz,98,Boston Celtics,86,,18624,,0
2018-11-17,8:00p,Sacramento Kings,112,Houston Rockets,132,,18055,,0
2018-11-17,7:00p,Denver Nuggets,115,New Orleans Pelicans,125,,15408,,0
2018-11-17,7:00p,Atlanta Hawks,89,Indiana Pacers,97,,17491,,0
2018-11-17,7:00p,Philadelphia 76ers,122,Charlotte Hornets,119,OT,19426,,0
2018-11-17,6:00p,Los Angeles Clippers,127,Brooklyn Nets,119,,12944,,0
2018-11-17,7:00p,Los Angeles Lakers,117,Orlando Magic,130,,19249,,0
2018-11-18,3:30p,Memphis Grizzlies,100,Minnesota Timberwolves,87,,13179,,0
2018-11-18,6:00p,Los Angeles Lakers,113,Miami Heat,97,,19686,,0
2018-11-18,6:00p,New York Knicks,117,Orlando Magic,131,,15898,,0
2018-11-18,6:00p,Portland Trail Blazers,119,Washington Wizards,109,,16647,,0
2018-11-18,7:00p,Golden State Warriors,92,San Antonio Spurs,104,,18354,,0
2018-11-19,8:00p,Denver Nuggets,98,Milwaukee Bucks,104,,17341,,0
2018-11-19,8:00p,San Antonio Spurs,126,New Orleans Pelicans,140,,14675,,0
2018-11-19,10:00p,Oklahoma City Thunder,113,Sacramento Kings,117,,16250,,0
2018-11-19,8:00p,Dallas Mavericks,88,Memphis Grizzlies,98,,15997,,0
2018-11-19,7:00p,Cleveland Cavaliers,102,Detroit Pistons,113,,15769,,0
2018-11-19,7:00p,Phoenix Suns,114,Philadelphia 76ers,119,,20459,,0
2018-11-19,7:00p,Utah Jazz,94,Indiana Pacers,121,,17000,,0
2018-11-19,7:00p,Boston Celtics,112,Charlotte Hornets,117,,18040,,0
2018-11-19,7:30p,Los Angeles Clippers,127,Atlanta Hawks,119,,14323,,0
2018-11-20,7:00p,Toronto Raptors,93,Orlando Magic,91,,16016,,0
2018-11-20,7:00p,Los Angeles Clippers,118,Washington Wizards,125,,14499,,0
2018-11-20,7:30p,Brooklyn Nets,104,Miami Heat,92,,19600,,0
2018-11-20,7:30p,Portland Trail Blazers,118,New York Knicks,114,,19812,,0
2018-11-21,10:30p,Oklahoma City Thunder,123,Golden State Warriors,95,,19596,,0
2018-11-21,9:00p,Sacramento Kings,119,Utah Jazz,110,,18306,,0
2018-11-21,8:30p,Brooklyn Nets,113,Dallas Mavericks,119,,19926,,0
2018-11-21,8:00p,Denver Nuggets,103,Minnesota Timberwolves,101,,15086,,0
2018-11-21,8:00p,Portland Trail Blazers,100,Milwaukee Bucks,143,,17591,,0
2018-11-21,8:00p,Detroit Pistons,124,Houston Rockets,126,,18055,,0
2018-11-21,8:30p,Memphis Grizzlies,104,San Antonio Spurs,103,,18354,,0
2018-11-21,8:00p,Phoenix Suns,116,Chicago Bulls,124,,19014,,0
2018-11-21,7:30p,New York Knicks,117,Boston Celtics,109,,18624,,0
2018-11-21,7:30p,Toronto Raptors,124,Atlanta Hawks,108,,15058,,0
2018-11-21,7:00p,New Orleans Pelicans,120,Philadelphia 76ers,121,,20352,,0
2018-11-21,7:00p,Indiana Pacers,109,Charlotte Hornets,127,,15913,,0
2018-11-21,8:00p,Los Angeles Lakers,109,Cleveland Cavaliers,105,,19432,,0
2018-11-23,10:30p,Utah Jazz,83,Los Angeles Lakers,90,,18997,,0
2018-11-23,10:30p,Portland Trail Blazers,97,Golden State Warriors,125,,19596,,0
2018-11-23,9:00p,Orlando Magic,87,Denver Nuggets,112,,19520,,0
2018-11-23,8:30p,Phoenix Suns,116,Milwaukee Bucks,114,,17852,,0
2018-11-23,8:00p,Charlotte Hornets,104,Oklahoma City Thunder,109,,18203,,0
2018-11-23,8:00p,San Antonio Spurs,111,Indiana Pacers,100,,17262,,0
2018-11-23,8:00p,Miami Heat,103,Chicago Bulls,96,,20935,,0
2018-11-23,7:30p,Cleveland Cavaliers,121,Philadelphia 76ers,112,,20524,,0
2018-11-23,7:30p,New Orleans Pelicans,109,New York Knicks,114,,18948,,0
2018-11-23,7:30p,Boston Celtics,114,Atlanta Hawks,96,,15017,,0
2018-11-23,7:00p,Houston Rockets,111,Detroit Pistons,116,OT,17268,,0
2018-11-23,3:30p,Memphis Grizzlies,107,Los Angeles Clippers,112,OT,15418,,0
2018-11-23,12:00p,Minnesota Timberwolves,112,Brooklyn Nets,102,,12814,,0
2018-11-23,7:30p,Washington Wizards,107,Toronto Raptors,125,,19800,,0
2018-11-24,8:30p,San Antonio Spurs,129,Milwaukee Bucks,135,,17559,,0
2018-11-24,8:30p,Sacramento Kings,116,Golden State Warriors,117,,19596,,0
2018-11-24,8:00p,New Orleans Pelicans,114,Washington Wizards,124,,15165,,0
2018-11-24,8:30p,Boston Celtics,104,Dallas Mavericks,113,,20226,,0
2018-11-24,8:00p,Chicago Bulls,96,Minnesota Timberwolves,111,,17119,,0
2018-11-24,8:00p,Denver Nuggets,105,Oklahoma City Thunder,98,,18203,,0
2018-11-24,7:30p,Houston Rockets,108,Cleveland Cavaliers,117,,19432,,0
2018-11-25,9:00p,Los Angeles Clippers,104,Portland Trail Blazers,100,,19138,,0
2018-11-25,6:00p,Miami Heat,115,Toronto Raptors,125,,19800,,0
2018-11-25,6:00p,New York Knicks,103,Memphis Grizzlies,98,,14331,,0
2018-11-25,8:00p,Utah Jazz,133,Sacramento Kings,112,,16048,,0
2018-11-25,6:00p,Charlotte Hornets,123,Atlanta Hawks,124,,12977,,0
2018-11-25,4:00p,Phoenix Suns,107,Detroit Pistons,118,,14413,,0
2018-11-25,3:30p,Orlando Magic,108,Los Angeles Lakers,104,,18997,,0
2018-11-25,6:00p,Philadelphia 76ers,127,Brooklyn Nets,125,,15217,,0
2018-11-26,7:00p,Milwaukee Bucks,107,Charlotte Hornets,110,,13805,,0
2018-11-26,7:00p,Minnesota Timberwolves,102,Cleveland Cavaliers,95,,19432,,0
2018-11-26,7:00p,Houston Rockets,131,Washington Wizards,135,OT,16872,,0
2018-11-26,8:00p,San Antonio Spurs,108,Chicago Bulls,107,,19006,,0
2018-11-26,8:00p,Boston Celtics,124,New Orleans Pelicans,107,,15189,,0
2018-11-26,9:00p,Indiana Pacers,121,Utah Jazz,88,,18306,,0
2018-11-26,10:30p,Orlando Magic,110,Golden State Warriors,116,,19596,,0
2018-11-27,9:00p,Los Angeles Lakers,85,Denver Nuggets,117,,19583,,0
2018-11-27,9:00p,Indiana Pacers,109,Phoenix Suns,104,,13038,,0
2018-11-27,8:00p,Toronto Raptors,122,Memphis Grizzlies,114,,14187,,0
2018-11-27,7:00p,New York Knicks,108,Detroit Pistons,115,,13935,,0
2018-11-27,7:30p,Atlanta Hawks,115,Miami Heat,113,,19600,,0
2018-11-28,10:30p,Phoenix Suns,99,Los Angeles Clippers,115,,16372,,0
2018-11-28,10:00p,Orlando Magic,112,Portland Trail Blazers,115,,18865,,0
2018-11-28,8:00p,Washington Wizards,104,New Orleans Pelicans,125,,13570,,0
2018-11-28,8:00p,San Antonio Spurs,89,Minnesota Timberwolves,128,,11023,,0
2018-11-28,8:00p,Cleveland Cavaliers,83,Oklahoma City Thunder,100,,18203,,0
2018-11-28,8:00p,Dallas Mavericks,128,Houston Rockets,108,,18055,,0
2018-11-28,7:30p,Utah Jazz,101,Brooklyn Nets,91,,12928,,0
2018-11-28,7:00p,New York Knicks,91,Philadelphia 76ers,117,,20274,,0
2018-11-28,7:00p,Atlanta Hawks,94,Charlotte Hornets,108,,12971,,0
2018-11-28,8:00p,Chicago Bulls,113,Milwaukee Bucks,116,,16660,,0
2018-11-29,8:00p,Golden State Warriors,128,Toronto Raptors,131,OT,20073,,0
2018-11-29,10:30p,Indiana Pacers,96,Los Angeles Lakers,104,,18997,,0
2018-11-29,10:30p,Los Angeles Clippers,133,Sacramento Kings,121,,17583,,0
2018-11-30,8:00p,Atlanta Hawks,109,Oklahoma City Thunder,124,,18203,,0
2018-11-30,10:30p,Denver Nuggets,113,Portland Trail Blazers,112,,19459,,0
2018-11-30,10:30p,Dallas Mavericks,103,Los Angeles Lakers,114,,18997,,0
2018-11-30,9:00p,Orlando Magic,99,Phoenix Suns,85,,13228,,0
2018-11-30,8:00p,New Orleans Pelicans,101,Miami Heat,106,,19600,,0
2018-11-30,8:00p,Houston Rockets,136,San Antonio Spurs,105,,18354,,0
2018-11-30,7:00p,Washington Wizards,98,Philadelphia 76ers,123,,20400,,0
2018-11-30,7:30p,Memphis Grizzlies,131,Brooklyn Nets,125,2OT,12983,,0
2018-11-30,7:00p,Chicago Bulls,88,Detroit Pistons,107,,15372,,0
2018-11-30,7:00p,Utah Jazz,119,Charlotte Hornets,111,,15812,,0
2018-11-30,7:00p,Cleveland Cavaliers,95,Boston Celtics,128,,18624,,0
2018-12-01,10:00p,Indiana Pacers,110,Sacramento Kings,111,,17583,,0
2018-12-01,8:00p,Chicago Bulls,105,Houston Rockets,121,,18055,,0
2018-12-01,8:00p,Toronto Raptors,106,Cleveland Cavaliers,95,,19432,,0
2018-12-01,8:00p,Boston Celtics,118,Minnesota Timberwolves,109,,17663,,0
2018-12-01,7:00p,Golden State Warriors,102,Detroit Pistons,111,,20332,,0
2018-12-01,5:00p,Milwaukee Bucks,134,New York Knicks,136,OT,19812,,0
2018-12-01,7:00p,Brooklyn Nets,88,Washington Wizards,102,,15448,,0
2018-12-02,3:30p,Phoenix Suns,96,Los Angeles Lakers,120,,18997,,0
2018-12-02,5:00p,New Orleans Pelicans,119,Charlotte Hornets,109,,15336,,0
2018-12-02,6:00p,Utah Jazz,100,Miami Heat,102,,19600,,0
2018-12-02,6:00p,Memphis Grizzlies,95,Philadelphia 76ers,103,,20334,,0
2018-12-02,7:00p,Los Angeles Clippers,110,Dallas Mavericks,114,,19551,,0
2018-12-02,7:00p,Portland Trail Blazers,118,San Antonio Spurs,131,,18354,,0
2018-12-03,8:00p,Houston Rockets,91,Minnesota Timberwolves,103,,13834,,0
2018-12-03,8:00p,Los Angeles Clippers,129,New Orleans Pelicans,126,,13822,,0
2018-12-03,7:30p,Denver Nuggets,106,Toronto Raptors,103,,19800,,0
2018-12-03,7:30p,Cleveland Cavaliers,99,Brooklyn Nets,97,,10983,,0
2018-12-03,7:30p,Golden State Warriors,128,Atlanta Hawks,111,,16631,,0
2018-12-03,7:00p,Oklahoma City Thunder,110,Detroit Pistons,83,,14372,,0
2018-12-03,7:30p,Washington Wizards,110,New York Knicks,107,,19440,,0
2018-12-04,7:00p,Chicago Bulls,90,Indiana Pacers,96,,16446,,0
2018-12-04,7:30p,Orlando Magic,105,Miami Heat,90,,19600,,0
2018-12-04,8:30p,Portland Trail Blazers,102,Dallas Mavericks,111,,19341,,0
2018-12-04,9:00p,Sacramento Kings,122,Phoenix Suns,105,,12977,,0
2018-12-04,9:00p,San Antonio Spurs,105,Utah Jazz,139,,18306,,0
2018-12-05,10:30p,San Antonio Spurs,113,Los Angeles Lakers,121,,18997,,0
2018-12-05,8:00p,Philadelphia 76ers,102,Toronto Raptors,113,,19800,,0
2018-12-05,8:00p,Dallas Mavericks,106,New Orleans Pelicans,132,,14810,,0
2018-12-05,8:00p,Charlotte Hornets,104,Minnesota Timberwolves,121,,11248,,0
2018-12-05,8:00p,Detroit Pistons,92,Milwaukee Bucks,115,,16541,,0
2018-12-05,7:00p,Denver Nuggets,124,Orlando Magic,118,OT,16636,,0
2018-12-05,7:30p,Oklahoma City Thunder,114,Brooklyn Nets,112,,13161,,0
2018-12-05,7:30p,Washington Wizards,131,Atlanta Hawks,117,,12551,,0
2018-12-05,7:00p,Golden State Warriors,129,Cleveland Cavaliers,105,,19432,,0
2018-12-05,8:00p,Los Angeles Clippers,86,Memphis Grizzlies,96,,14144,,0
2018-12-06,10:00p,Phoenix Suns,86,Portland Trail Blazers,108,,19001,,0
2018-12-06,10:30p,Houston Rockets,91,Utah Jazz,118,,18306,,0
2018-12-06,8:00p,New York Knicks,100,Boston Celtics,128,,18624,,0
2018-12-07,9:00p,Miami Heat,115,Phoenix Suns,98,,14273,,0
2018-12-07,8:30p,Los Angeles Lakers,120,San Antonio Spurs,133,,18354,,0
2018-12-07,8:00p,Memphis Grizzlies,107,New Orleans Pelicans,103,,18447,,0
2018-12-07,8:00p,Oklahoma City Thunder,112,Chicago Bulls,114,,19842,,0
2018-12-07,9:30p,Golden State Warriors,105,Milwaukee Bucks,95,,17852,,0
2018-12-07,7:30p,Toronto Raptors,105,Brooklyn Nets,106,OT,14035,,0
2018-12-07,7:00p,Indiana Pacers,112,Orlando Magic,90,,17214,,0
2018-12-07,7:00p,Philadelphia 76ers,117,Detroit Pistons,111,,15680,,0
2018-12-07,7:00p,Denver Nuggets,107,Charlotte Hornets,113,,13755,,0
2018-12-07,7:30p,Sacramento Kings,129,Cleveland Cavaliers,110,,19432,,0
2018-12-08,6:00p,Houston Rockets,104,Dallas Mavericks,107,,20254,,0
2018-12-08,7:00p,Sacramento Kings,97,Indiana Pacers,107,,16867,,0
2018-12-08,7:30p,Denver Nuggets,98,Atlanta Hawks,106,,14409,,0
2018-12-08,7:30p,Washington Wizards,101,Cleveland Cavaliers,116,,19432,,0
2018-12-08,7:30p,Brooklyn Nets,112,New York Knicks,104,,18662,,0
2018-12-08,8:00p,Boston Celtics,133,Chicago Bulls,77,,20923,,0
2018-12-08,8:00p,Los Angeles Lakers,111,Memphis Grizzlies,88,,17794,,0
2018-12-08,10:00p,Minnesota Timberwolves,105,Portland Trail Blazers,113,,19359,,0
2018-12-08,10:30p,Miami Heat,121,Los Angeles Clippers,98,,17113,,0
2018-12-09,7:00p,Utah Jazz,97,San Antonio Spurs,110,,17834,,0
2018-12-09,7:30p,Charlotte Hornets,119,New York Knicks,107,,18602,,0
2018-12-09,6:00p,Milwaukee Bucks,104,Toronto Raptors,99,,19800,,0
2018-12-09,3:30p,New Orleans Pelicans,116,Detroit Pistons,108,,14705,,0
2018-12-10,7:00p,Washington Wizards,101,Indiana Pacers,109,,14645,,0
2018-12-10,7:00p,Detroit Pistons,102,Philadelphia 76ers,116,,20199,,0
2018-12-10,7:30p,New Orleans Pelicans,100,Boston Celtics,113,,18624,,0
2018-12-10,8:00p,Sacramento Kings,108,Chicago Bulls,89,,18164,,0
2018-12-10,8:00p,Cleveland Cavaliers,92,Milwaukee Bucks,108,,17155,,0
2018-12-10,8:00p,Utah Jazz,113,Oklahoma City Thunder,122,,18203,,0
2018-12-10,8:30p,Orlando Magic,76,Dallas Mavericks,101,,19334,,0
2018-12-10,9:00p,Memphis Grizzlies,99,Denver Nuggets,105,,15278,,0
2018-12-10,9:00p,Los Angeles Clippers,123,Phoenix Suns,119,OT,12088,,0
2018-12-10,10:30p,Minnesota Timberwolves,108,Golden State Warriors,116,,19596,,0
2018-12-10,10:30p,Miami Heat,105,Los Angeles Lakers,108,,18997,,0
2018-12-11,10:30p,Toronto Raptors,123,Los Angeles Clippers,99,,17812,,0
2018-12-11,8:00p,Portland Trail Blazers,104,Houston Rockets,111,,18055,,0
2018-12-11,8:30p,Phoenix Suns,86,San Antonio Spurs,111,,17676,,0
2018-12-12,9:00p,Miami Heat,84,Utah Jazz,111,,18306,,0
2018-12-12,8:30p,Atlanta Hawks,107,Dallas Mavericks,114,,19643,,0
2018-12-12,10:30p,Toronto Raptors,113,Golden State Warriors,93,,19596,,0
2018-12-12,10:00p,Minnesota Timberwolves,130,Sacramento Kings,141,,15770,,0
2018-12-12,8:00p,Oklahoma City Thunder,114,New Orleans Pelicans,118,,14450,,0
2018-12-12,7:00p,Milwaukee Bucks,97,Indiana Pacers,113,,17070,,0
2018-12-12,7:00p,Boston Celtics,130,Washington Wizards,125,OT,20409,,0
2018-12-12,7:00p,Brooklyn Nets,127,Philadelphia 76ers,124,,20376,,0
2018-12-12,8:00p,Portland Trail Blazers,83,Memphis Grizzlies,92,,16282,,0
2018-12-12,7:00p,New York Knicks,106,Cleveland Cavaliers,113,,19432,,0
2018-12-12,7:00p,Detroit Pistons,107,Charlotte Hornets,108,,13997,,0
2018-12-13,8:00p,Los Angeles Lakers,111,Houston Rockets,126,,18055,,0
2018-12-13,8:30p,Los Angeles Clippers,87,San Antonio Spurs,125,,18354,,0
2018-12-13,9:30p,Chicago Bulls,91,Orlando Magic,97,,20201,"at Mexico City, Mexico",0
2018-12-13,10:30p,Dallas Mavericks,89,Phoenix Suns,99,,13265,,0
2018-12-14,10:00p,Toronto Raptors,122,Portland Trail Blazers,128,,19458,,0
2018-12-14,10:00p,Oklahoma City Thunder,98,Denver Nuggets,109,,19520,,0
2018-12-14,8:00p,Miami Heat,100,Memphis Grizzlies,97,,16313,,0
2018-12-14,7:30p,Indiana Pacers,113,Philadelphia 76ers,101,,20337,,0
2018-12-14,10:00p,Golden State Warriors,130,Sacramento Kings,125,,17583,,0
2018-12-14,7:30p,Washington Wizards,118,Brooklyn Nets,125,,13232,,0
2018-12-14,7:00p,New York Knicks,126,Charlotte Hornets,124,OT,17622,,0
2018-12-14,7:00p,Atlanta Hawks,108,Boston Celtics,129,,18624,,0
2018-12-14,7:30p,Milwaukee Bucks,114,Cleveland Cavaliers,102,,19432,,0
2018-12-15,9:00p,Los Angeles Clippers,104,Oklahoma City Thunder,110,,18203,,0
2018-12-15,8:30p,Chicago Bulls,98,San Antonio Spurs,93,,18354,,0
2018-12-15,8:00p,Houston Rockets,105,Memphis Grizzlies,97,,16777,,0
2018-12-15,9:00p,Minnesota Timberwolves,99,Phoenix Suns,107,,14244,,0
2018-12-15,7:00p,Los Angeles Lakers,128,Charlotte Hornets,100,,19641,,0
2018-12-15,5:00p,Utah Jazz,89,Orlando Magic,96,,20011,"at Mexico City, Mexico",0
2018-12-15,7:00p,Boston Celtics,104,Detroit Pistons,113,,17078,,0
2018-12-16,3:00p,Atlanta Hawks,127,Brooklyn Nets,144,,13955,,0
2018-12-16,3:30p,Philadelphia 76ers,128,Cleveland Cavaliers,105,,19432,,0
2018-12-16,5:00p,New York Knicks,99,Indiana Pacers,110,,16646,,0
2018-12-16,6:00p,Los Angeles Lakers,110,Washington Wizards,128,,20409,,0
2018-12-16,7:00p,Sacramento Kings,120,Dallas Mavericks,113,,19935,,0
2018-12-16,7:00p,Miami Heat,102,New Orleans Pelicans,96,,15535,,0
2018-12-16,8:00p,Toronto Raptors,86,Denver Nuggets,95,,19520,,0
2018-12-17,8:30p,Philadelphia 76ers,96,San Antonio Spurs,123,,17486,,0
2018-12-17,10:30p,Memphis Grizzlies,93,Golden State Warriors,110,,19596,,0
2018-12-17,8:00p,Chicago Bulls,96,Oklahoma City Thunder,121,,18203,,0
2018-12-17,10:30p,Portland Trail Blazers,131,Los Angeles Clippers,127,,16030,,0
2018-12-17,8:00p,Utah Jazz,97,Houston Rockets,102,,18055,,0
2018-12-17,7:30p,Phoenix Suns,128,New York Knicks,110,,18437,,0
2018-12-17,7:00p,Milwaukee Bucks,107,Detroit Pistons,104,,15051,,0
2018-12-17,8:00p,Sacramento Kings,105,Minnesota Timberwolves,132,,12417,,0
2018-12-18,7:00p,Cleveland Cavaliers,92,Indiana Pacers,91,,15630,,0
2018-12-18,7:30p,Washington Wizards,110,Atlanta Hawks,118,,16489,,0
2018-12-18,7:30p,Los Angeles Lakers,110,Brooklyn Nets,115,,17732,,0
2018-12-18,9:00p,Dallas Mavericks,118,Denver Nuggets,126,,15764,,0
2018-12-19,9:00p,Golden State Warriors,103,Utah Jazz,108,,18306,,0
2018-12-19,8:00p,Detroit Pistons,129,Minnesota Timberwolves,123,OT,15883,,0
2018-12-19,8:00p,New Orleans Pelicans,115,Milwaukee Bucks,123,,17341,,0
2018-12-19,8:00p,Washington Wizards,118,Houston Rockets,136,,18055,,0
2018-12-19,8:00p,Brooklyn Nets,96,Chicago Bulls,93,,18065,,0
2018-12-19,7:00p,San Antonio Spurs,129,Orlando Magic,90,,17138,,0
2018-12-19,7:30p,Phoenix Suns,111,Boston Celtics,103,,18624,,0
2018-12-19,7:00p,New York Knicks,109,Philadelphia 76ers,131,,20424,,0
2018-12-19,10:00p,Memphis Grizzlies,92,Portland Trail Blazers,99,,19412,,0
2018-12-19,7:00p,Cleveland Cavaliers,99,Charlotte Hornets,110,,15179,,0
2018-12-19,7:30p,Indiana Pacers,96,Toronto Raptors,99,,19800,,0
2018-12-19,10:00p,Oklahoma City Thunder,132,Sacramento Kings,113,,17583,,0
2018-12-20,10:30p,Dallas Mavericks,121,Los Angeles Clippers,125,,17528,,0
2018-12-20,8:00p,Houston Rockets,99,Miami Heat,101,,19600,,0
2018-12-21,10:00p,Memphis Grizzlies,99,Sacramento Kings,102,,16369,,0
2018-12-21,7:00p,Detroit Pistons,86,Charlotte Hornets,98,,15812,,0
2018-12-21,7:00p,Cleveland Cavaliers,110,Toronto Raptors,126,,19800,,0
2018-12-21,7:30p,Indiana Pacers,114,Brooklyn Nets,106,,13302,,0
2018-12-21,7:30p,Atlanta Hawks,114,New York Knicks,107,,19080,,0
2018-12-21,8:00p,Milwaukee Bucks,120,Boston Celtics,107,,18624,,0
2018-12-21,8:00p,Orlando Magic,80,Chicago Bulls,90,,20436,,0
2018-12-21,8:30p,Minnesota Timberwolves,98,San Antonio Spurs,124,,17708,,0
2018-12-21,10:00p,Utah Jazz,120,Portland Trail Blazers,90,,19127,,0
2018-12-21,10:30p,New Orleans Pelicans,104,Los Angeles Lakers,112,,18997,,0
2018-12-22,8:30p,Dallas Mavericks,116,Golden State Warriors,120,,19596,,0
2018-12-22,8:00p,Milwaukee Bucks,87,Miami Heat,94,,19600,,0
2018-12-22,8:00p,San Antonio Spurs,101,Houston Rockets,108,,18055,,0
2018-12-22,5:00p,Denver Nuggets,111,Los Angeles Clippers,132,,16571,,0
2018-12-22,7:00p,Phoenix Suns,146,Washington Wizards,149,3OT,16571,,0
2018-12-22,9:00p,Oklahoma City Thunder,107,Utah Jazz,106,,18306,,0
2018-12-22,7:30p,Toronto Raptors,101,Philadelphia 76ers,126,,20691,,0
2018-12-23,9:30p,Memphis Grizzlies,107,Los Angeles Lakers,99,,18997,,0
2018-12-23,8:00p,Minnesota Timberwolves,114,Oklahoma City Thunder,112,,18203,,0
2018-12-23,9:00p,Dallas Mavericks,118,Portland Trail Blazers,121,OT,19707,,0
2018-12-23,8:30p,Los Angeles Clippers,127,Golden State Warriors,129,,19596,,0
2018-12-23,6:00p,New Orleans Pelicans,117,Sacramento Kings,122,,16643,,0
2018-12-23,6:00p,Charlotte Hornets,103,Boston Celtics,119,,18624,,0
2018-12-23,6:00p,Chicago Bulls,112,Cleveland Cavaliers,92,,19432,,0
2018-12-23,4:00p,Atlanta Hawks,98,Detroit Pistons,95,,16532,,0
2018-12-23,6:00p,Miami Heat,115,Orlando Magic,91,,18846,,0
2018-12-23,6:00p,Phoenix Suns,103,Brooklyn Nets,111,,15310,,0
2018-12-23,5:00p,Washington Wizards,89,Indiana Pacers,105,,17923,,0
2018-12-25,12:00p,Milwaukee Bucks,109,New York Knicks,95,,19812,,0
2018-12-25,3:00p,Oklahoma City Thunder,109,Houston Rockets,113,,18055,,0
2018-12-25,5:30p,Philadelphia 76ers,114,Boston Celtics,121,OT,18624,,0
2018-12-25,8:00p,Los Angeles Lakers,127,Golden State Warriors,101,,19596,,0
2018-12-25,10:30p,Portland Trail Blazers,96,Utah Jazz,117,,18306,,0
2018-12-26,8:30p,Denver Nuggets,103,San Antonio Spurs,111,,18408,,0
2018-12-26,8:30p,New Orleans Pelicans,119,Dallas Mavericks,122,,20340,,0
2018-12-26,8:00p,Cleveland Cavaliers,87,Memphis Grizzlies,95,,16424,,0
2018-12-26,8:00p,Minnesota Timberwolves,119,Chicago Bulls,94,,21852,,0
2018-12-26,10:30p,Sacramento Kings,118,Los Angeles Clippers,127,,19068,,0
2018-12-26,7:30p,Charlotte Hornets,132,Brooklyn Nets,134,2OT,14309,,0
2018-12-26,7:30p,Indiana Pacers,129,Atlanta Hawks,121,,15026,,0
2018-12-26,7:00p,Phoenix Suns,122,Orlando Magic,120,OT,16755,,0
2018-12-26,7:00p,Washington Wizards,95,Detroit Pistons,106,,17534,,0
2018-12-26,7:30p,Toronto Raptors,106,Miami Heat,104,,19902,,0
2018-12-27,10:30p,Philadelphia 76ers,114,Utah Jazz,97,,18306,,0
2018-12-27,10:30p,Portland Trail Blazers,110,Golden State Warriors,109,OT,19596,,0
2018-12-27,8:00p,Boston Celtics,113,Houston Rockets,127,,18055,,0
2018-12-27,8:00p,New York Knicks,96,Milwaukee Bucks,112,,18058,,0
2018-12-27,10:00p,Los Angeles Lakers,116,Sacramento Kings,117,,17583,,0
2018-12-28,7:00p,Brooklyn Nets,87,Charlotte Hornets,100,,19411,,0
2018-12-28,7:00p,Toronto Raptors,87,Orlando Magic,116,,18846,,0
2018-12-28,7:00p,Chicago Bulls,101,Washington Wizards,92,,20409,,0
2018-12-28,8:00p,Cleveland Cavaliers,94,Miami Heat,118,,19617,,0
2018-12-28,8:00p,Atlanta Hawks,123,Minnesota Timberwolves,120,OT,18978,,0
2018-12-28,8:00p,Dallas Mavericks,112,New Orleans Pelicans,114,,18364,,0
2018-12-28,9:00p,San Antonio Spurs,99,Denver Nuggets,102,,20076,,0
2018-12-28,9:00p,Oklahoma City Thunder,118,Phoenix Suns,102,,18055,,0
2018-12-28,10:30p,Los Angeles Clippers,118,Los Angeles Lakers,107,,18997,,0
2018-12-28,7:00p,Detroit Pistons,88,Indiana Pacers,125,,17923,,0
2018-12-29,10:30p,San Antonio Spurs,122,Los Angeles Clippers,111,,19068,,0
2018-12-29,8:00p,New York Knicks,97,Utah Jazz,129,,18306,,0
2018-12-29,10:00p,Golden State Warriors,115,Portland Trail Blazers,105,,19797,,0
2018-12-29,9:00p,Denver Nuggets,122,Phoenix Suns,118,,14975,,0
2018-12-29,7:30p,Cleveland Cavaliers,108,Atlanta Hawks,111,,16460,,0
2018-12-29,7:00p,Charlotte Hornets,126,Washington Wizards,130,,17197,,0
2018-12-29,5:00p,Brooklyn Nets,115,Milwaukee Bucks,129,,17918,,0
2018-12-29,8:00p,Boston Celtics,112,Memphis Grizzlies,103,,17794,,0
2018-12-29,7:00p,Houston Rockets,108,New Orleans Pelicans,104,,17555,,0
2018-12-30,3:30p,Detroit Pistons,107,Orlando Magic,109,,17761,,0
2018-12-30,6:00p,Minnesota Timberwolves,113,Miami Heat,104,,19600,,0
2018-12-30,6:00p,Chicago Bulls,89,Toronto Raptors,95,,19800,,0
2018-12-30,7:00p,Oklahoma City Thunder,103,Dallas Mavericks,105,,20380,,0
2018-12-30,9:00p,Philadelphia 76ers,95,Portland Trail Blazers,129,,19393,,0
2018-12-30,9:30p,Sacramento Kings,114,Los Angeles Lakers,121,,18997,,0
2018-12-31,3:00p,Atlanta Hawks,108,Indiana Pacers,116,,17923,,0
2018-12-31,6:00p,Orlando Magic,100,Charlotte Hornets,125,,14694,,0
2018-12-31,7:00p,Memphis Grizzlies,101,Houston Rockets,113,,18055,,0
2018-12-31,7:00p,Boston Celtics,111,San Antonio Spurs,120,,18354,,0
2018-12-31,8:00p,Minnesota Timberwolves,114,New Orleans Pelicans,123,,14904,,0
2018-12-31,8:00p,Dallas Mavericks,102,Oklahoma City Thunder,122,,18203,,0
2018-12-31,9:00p,Golden State Warriors,132,Phoenix Suns,109,,16906,,0
2019-01-01,10:30p,Philadelphia 76ers,119,Los Angeles Clippers,113,,17868,,0
2019-01-01,9:00p,Portland Trail Blazers,113,Sacramento Kings,108,OT,17583,,0
2019-01-01,8:00p,Detroit Pistons,98,Milwaukee Bucks,121,,17534,,0
2019-01-01,7:30p,Utah Jazz,116,Toronto Raptors,122,,19800,,0
2019-01-01,9:00p,New York Knicks,108,Denver Nuggets,115,,19520,,0
2019-01-02,10:30p,Oklahoma City Thunder,107,Los Angeles Lakers,100,,18997,,0
2019-01-02,9:00p,Philadelphia 76ers,132,Phoenix Suns,127,,15226,,0
2019-01-02,8:00p,Orlando Magic,112,Chicago Bulls,84,,19013,,0
2019-01-02,8:00p,Minnesota Timberwolves,102,Boston Celtics,115,,18624,,0
2019-01-02,8:00p,Detroit Pistons,101,Memphis Grizzlies,94,,14109,,0
2019-01-02,7:00p,Atlanta Hawks,98,Washington Wizards,114,,15324,,0
2019-01-02,7:00p,Miami Heat,117,Cleveland Cavaliers,92,,19432,,0
2019-01-02,7:00p,Dallas Mavericks,122,Charlotte Hornets,84,,16955,,0
2019-01-02,7:30p,New Orleans Pelicans,121,Brooklyn Nets,126,,16890,,0
2019-01-03,8:00p,Toronto Raptors,107,San Antonio Spurs,125,,18354,,0
2019-01-03,10:00p,Denver Nuggets,117,Sacramento Kings,113,,17583,,0
2019-01-03,10:30p,Houston Rockets,135,Golden State Warriors,134,OT,19596,,0
2019-01-04,10:30p,Oklahoma City Thunder,111,Portland Trail Blazers,109,,19393,,0
2019-01-04,10:30p,New York Knicks,119,Los Angeles Lakers,112,,18997,,0
2019-01-04,9:00p,Los Angeles Clippers,121,Phoenix Suns,111,,14764,,0
2019-01-04,8:00p,Orlando Magic,103,Minnesota Timberwolves,120,,14355,,0
2019-01-04,8:30p,Atlanta Hawks,112,Milwaukee Bucks,144,,17632,,0
2019-01-04,8:00p,Brooklyn Nets,109,Memphis Grizzlies,100,,16683,,0
2019-01-04,7:30p,Utah Jazz,117,Cleveland Cavaliers,91,,19432,,0
2019-01-04,8:00p,Washington Wizards,109,Miami Heat,115,,19600,,0
2019-01-04,8:00p,Indiana Pacers,119,Chicago Bulls,116,OT,21284,,0
2019-01-04,8:00p,Dallas Mavericks,93,Boston Celtics,114,,18624,,0
2019-01-05,5:00p,Charlotte Hornets,110,Denver Nuggets,123,,19861,,0
2019-01-05,7:00p,Utah Jazz,110,Detroit Pistons,105,,17255,,0
2019-01-05,7:30p,Dallas Mavericks,100,Philadelphia 76ers,106,,20656,,0
2019-01-05,8:00p,New Orleans Pelicans,133,Cleveland Cavaliers,98,,19432,,0
2019-01-05,8:30p,Toronto Raptors,123,Milwaukee Bucks,116,,18028,,0
2019-01-05,8:30p,Memphis Grizzlies,88,San Antonio Spurs,108,,18354,,0
2019-01-05,10:00p,Houston Rockets,101,Portland Trail Blazers,110,,19577,,0
2019-01-05,10:00p,Golden State Warriors,127,Sacramento Kings,123,,17583,,0
2019-01-06,8:00p,Charlotte Hornets,119,Phoenix Suns,113,,13110,,0
2019-01-06,7:30p,Indiana Pacers,105,Toronto Raptors,121,,19800,,0
2019-01-06,7:00p,Washington Wizards,116,Oklahoma City Thunder,98,,18203,,0
2019-01-06,3:30p,Brooklyn Nets,117,Chicago Bulls,100,,19265,,0
2019-01-06,3:30p,Los Angeles Lakers,86,Minnesota Timberwolves,108,,18978,,0
2019-01-06,3:30p,Orlando Magic,96,Los Angeles Clippers,106,,16616,,0
2019-01-06,6:00p,Miami Heat,82,Atlanta Hawks,106,,16630,,0
2019-01-07,8:30p,Los Angeles Lakers,107,Dallas Mavericks,97,,20354,,0
2019-01-07,10:00p,New York Knicks,101,Portland Trail Blazers,111,,19026,,0
2019-01-07,10:00p,Orlando Magic,95,Sacramento Kings,111,,15724,,0
2019-01-07,8:00p,Memphis Grizzlies,95,New Orleans Pelicans,114,,14624,,0
2019-01-07,7:30p,Brooklyn Nets,95,Boston Celtics,116,,18624,,0
2019-01-07,8:00p,Denver Nuggets,113,Houston Rockets,125,,18055,,0
2019-01-07,8:00p,Utah Jazz,102,Milwaukee Bucks,114,,17341,,0
2019-01-07,7:00p,San Antonio Spurs,119,Detroit Pistons,107,,13107,,0
2019-01-08,7:00p,Indiana Pacers,123,Cleveland Cavaliers,115,,19432,,0
2019-01-08,7:00p,Washington Wizards,115,Philadelphia 76ers,132,,20446,,0
2019-01-08,7:30p,Denver Nuggets,103,Miami Heat,99,,19600,,0
2019-01-08,7:30p,Atlanta Hawks,101,Toronto Raptors,104,,19800,,0
2019-01-08,8:00p,Minnesota Timberwolves,119,Oklahoma City Thunder,117,,18203,,0
2019-01-08,9:00p,Sacramento Kings,111,Phoenix Suns,115,,13977,,0
2019-01-08,10:30p,New York Knicks,95,Golden State Warriors,122,,19596,,0
2019-01-08,10:30p,Charlotte Hornets,109,Los Angeles Clippers,128,,15275,,0
2019-01-09,8:00p,Cleveland Cavaliers,124,New Orleans Pelicans,140,,15058,,0
2019-01-09,10:30p,Detroit Pistons,100,Los Angeles Lakers,113,,18997,,0
2019-01-09,10:00p,Chicago Bulls,112,Portland Trail Blazers,124,,19393,,0
2019-01-09,9:00p,Orlando Magic,93,Utah Jazz,106,,18306,,0
2019-01-09,8:30p,Phoenix Suns,94,Dallas Mavericks,104,,19596,,0
2019-01-09,8:00p,San Antonio Spurs,86,Memphis Grizzlies,96,,13944,,0
2019-01-09,7:30p,Atlanta Hawks,100,Brooklyn Nets,116,,14531,,0
2019-01-09,7:00p,Philadelphia 76ers,106,Washington Wizards,123,,18039,,0
2019-01-09,7:00p,Indiana Pacers,108,Boston Celtics,135,,18624,,0
2019-01-09,8:00p,Milwaukee Bucks,116,Houston Rockets,109,,18055,,0
2019-01-10,7:00p,Boston Celtics,99,Miami Heat,115,,19600,,0
2019-01-10,9:00p,Los Angeles Clippers,100,Denver Nuggets,121,,15742,,0
2019-01-10,9:30p,Oklahoma City Thunder,147,San Antonio Spurs,154,2OT,18354,,0
2019-01-10,10:00p,Detroit Pistons,102,Sacramento Kings,112,,16916,,0
2019-01-11,10:30p,Chicago Bulls,109,Golden State Warriors,146,,19596,,0
2019-01-11,10:00p,Los Angeles Lakers,95,Utah Jazz,113,,18306,,0
2019-01-11,10:00p,Charlotte Hornets,96,Portland Trail Blazers,127,,19393,,0
2019-01-11,8:00p,Dallas Mavericks,119,Minnesota Timberwolves,115,,18978,,0
2019-01-11,7:30p,Indiana Pacers,121,New York Knicks,106,,19812,,0
2019-01-11,7:30p,Brooklyn Nets,105,Toronto Raptors,122,,19800,,0
2019-01-11,7:00p,Milwaukee Bucks,106,Washington Wizards,113,,17996,,0
2019-01-11,7:00p,Atlanta Hawks,123,Philadelphia 76ers,121,,20487,,0
2019-01-11,8:00p,Cleveland Cavaliers,113,Houston Rockets,141,,18055,,0
2019-01-12,10:00p,Chicago Bulls,102,Utah Jazz,110,,18306,,0
2019-01-12,10:00p,Charlotte Hornets,97,Sacramento Kings,104,,17853,,0
2019-01-12,9:00p,Denver Nuggets,93,Phoenix Suns,102,,15246,,0
2019-01-12,8:00p,San Antonio Spurs,112,Oklahoma City Thunder,122,,18203,,0
2019-01-12,7:00p,Boston Celtics,103,Orlando Magic,105,,18846,,0
2019-01-12,5:00p,Memphis Grizzlies,108,Miami Heat,112,,19600,,0
2019-01-12,3:30p,Detroit Pistons,109,Los Angeles Clippers,104,,16540,,0
2019-01-12,8:00p,New Orleans Pelicans,106,Minnesota Timberwolves,110,,16384,,0
2019-01-13,9:30p,Cleveland Cavaliers,101,Los Angeles Lakers,95,,18997,,0
2019-01-13,7:00p,Golden State Warriors,119,Dallas Mavericks,114,,20340,,0
2019-01-13,6:00p,Houston Rockets,109,Orlando Magic,116,,16982,,0
2019-01-13,8:00p,Portland Trail Blazers,113,Denver Nuggets,116,,19520,,0
2019-01-13,1:00p,Toronto Raptors,140,Washington Wizards,138,2OT,16919,,0
2019-01-13,1:00p,Philadelphia 76ers,108,New York Knicks,105,,18596,,0
2019-01-13,3:30p,Milwaukee Bucks,133,Atlanta Hawks,114,,16292,,0
2019-01-14,7:30p,Boston Celtics,102,Brooklyn Nets,109,,16247,,0
2019-01-14,8:00p,Memphis Grizzlies,94,Houston Rockets,112,,18055,,0
2019-01-14,8:30p,Charlotte Hornets,108,San Antonio Spurs,93,,18354,,0
2019-01-14,9:00p,Detroit Pistons,94,Utah Jazz,100,,18306,,0
2019-01-14,10:00p,Portland Trail Blazers,107,Sacramento Kings,115,,17583,,0
2019-01-14,10:30p,New Orleans Pelicans,121,Los Angeles Clippers,117,,15283,,0
2019-01-15,9:00p,Golden State Warriors,142,Denver Nuggets,111,,19896,,0
2019-01-15,8:00p,Miami Heat,86,Milwaukee Bucks,124,,17626,,0
2019-01-15,10:30p,Chicago Bulls,100,Los Angeles Lakers,107,,18997,,0
2019-01-15,7:00p,Minnesota Timberwolves,107,Philadelphia 76ers,149,,20265,,0
2019-01-15,7:00p,Phoenix Suns,97,Indiana Pacers,131,,15698,,0
2019-01-15,7:30p,Oklahoma City Thunder,126,Atlanta Hawks,142,,15045,,0
2019-01-16,10:30p,Utah Jazz,129,Los Angeles Clippers,109,,15535,,0
2019-01-16,10:00p,Cleveland Cavaliers,112,Portland Trail Blazers,129,,19089,,0
2019-01-16,8:30p,San Antonio Spurs,105,Dallas Mavericks,101,,20214,,0
2019-01-16,10:30p,New Orleans Pelicans,140,Golden State Warriors,147,,19596,,0
2019-01-16,8:00p,Brooklyn Nets,145,Houston Rockets,142,OT,18055,,0
2019-01-16,8:00p,Toronto Raptors,108,Boston Celtics,117,,18624,,0
2019-01-16,7:00p,Orlando Magic,115,Detroit Pistons,120,OT,14019,,0
2019-01-16,8:00p,Milwaukee Bucks,111,Memphis Grizzlies,101,,14921,,0
2019-01-17,3:00p,New York Knicks,100,Washington Wizards,101,,19078,"at London, England",0
2019-01-17,7:00p,Sacramento Kings,95,Charlotte Hornets,114,,15431,,0
2019-01-17,7:00p,Philadelphia 76ers,120,Indiana Pacers,96,,16007,,0
2019-01-17,7:30p,Phoenix Suns,109,Toronto Raptors,111,,19800,,0
2019-01-17,9:00p,Chicago Bulls,105,Denver Nuggets,135,,17289,,0
2019-01-17,9:30p,Los Angeles Lakers,138,Oklahoma City Thunder,128,OT,18203,,0
2019-01-18,10:30p,Golden State Warriors,112,Los Angeles Clippers,94,,19068,,0
2019-01-18,10:30p,New Orleans Pelicans,112,Portland Trail Blazers,128,,19598,,0
2019-01-18,9:00p,Cleveland Cavaliers,99,Utah Jazz,115,,18306,,0
2019-01-18,8:00p,San Antonio Spurs,116,Minnesota Timberwolves,113,,17222,,0
2019-01-18,7:00p,Brooklyn Nets,117,Orlando Magic,115,,17840,,0
2019-01-18,7:00p,Miami Heat,93,Detroit Pistons,98,,17228,,0
2019-01-18,7:00p,Memphis Grizzlies,116,Boston Celtics,122,,18624,,0
2019-01-19,10:00p,Cleveland Cavaliers,102,Denver Nuggets,124,,19520,,0
2019-01-19,8:30p,Los Angeles Lakers,134,Houston Rockets,138,OT,18055,,0
2019-01-19,7:30p,Memphis Grizzlies,90,Toronto Raptors,119,,19800,,0
2019-01-19,7:30p,Boston Celtics,113,Atlanta Hawks,105,,16626,,0
2019-01-19,8:00p,Miami Heat,117,Chicago Bulls,103,,20926,,0
2019-01-19,7:00p,Dallas Mavericks,99,Indiana Pacers,111,,17508,,0
2019-01-19,7:00p,Sacramento Kings,103,Detroit Pistons,101,,15377,,0
2019-01-19,5:00p,Phoenix Suns,115,Charlotte Hornets,135,,19278,,0
2019-01-19,3:30p,Oklahoma City Thunder,117,Philadelphia 76ers,115,,20646,,0
2019-01-19,7:00p,Milwaukee Bucks,118,Orlando Magic,108,,18846,,0
2019-01-20,6:00p,Charlotte Hornets,95,Indiana Pacers,120,,15015,,0
2019-01-20,7:00p,Phoenix Suns,114,Minnesota Timberwolves,116,,14607,,0
2019-01-20,7:00p,Los Angeles Clippers,103,San Antonio Spurs,95,,18354,,0
2019-01-21,6:00p,Miami Heat,99,Boston Celtics,107,,18624,,0
2019-01-21,10:30p,Golden State Warriors,130,Los Angeles Lakers,111,,18997,,0
2019-01-21,9:00p,Portland Trail Blazers,109,Utah Jazz,104,,18306,,0
2019-01-21,8:00p,Houston Rockets,93,Philadelphia 76ers,121,,20313,,0
2019-01-21,5:30p,New Orleans Pelicans,105,Memphis Grizzlies,85,,17794,,0
2019-01-21,3:30p,Sacramento Kings,94,Brooklyn Nets,123,,14233,,0
2019-01-21,3:00p,Orlando Magic,122,Atlanta Hawks,103,,16611,,0
2019-01-21,2:00p,Detroit Pistons,87,Washington Wizards,101,,16229,,0
2019-01-21,2:00p,Dallas Mavericks,106,Milwaukee Bucks,116,,17963,,0
2019-01-21,1:00p,Chicago Bulls,104,Cleveland Cavaliers,88,,19432,,0
2019-01-21,12:30p,Oklahoma City Thunder,127,New York Knicks,109,,19493,,0
2019-01-22,7:00p,Sacramento Kings,105,Toronto Raptors,120,,19800,,0
2019-01-22,8:00p,Portland Trail Blazers,114,Oklahoma City Thunder,123,,18203,,0
2019-01-22,8:30p,Los Angeles Clippers,98,Dallas Mavericks,106,,19466,,0
2019-01-22,9:00p,Minnesota Timberwolves,118,Phoenix Suns,91,,14460,,0
2019-01-23,10:30p,Denver Nuggets,108,Utah Jazz,114,,18306,,0
2019-01-23,8:00p,San Antonio Spurs,120,Philadelphia 76ers,122,,20339,,0
2019-01-23,8:00p,Detroit Pistons,98,New Orleans Pelicans,94,,18181,,0
2019-01-23,8:00p,Charlotte Hornets,118,Memphis Grizzlies,107,,12863,,0
2019-01-23,8:00p,Atlanta Hawks,121,Chicago Bulls,101,,18223,,0
2019-01-23,7:30p,Cleveland Cavaliers,103,Boston Celtics,123,,18624,,0
2019-01-23,7:30p,Los Angeles Clippers,111,Miami Heat,99,,19600,,0
2019-01-23,7:30p,Orlando Magic,110,Brooklyn Nets,114,,13185,,0
2019-01-23,7:00p,Toronto Raptors,106,Indiana Pacers,110,,16879,,0
2019-01-23,7:30p,Houston Rockets,114,New York Knicks,110,,18819,,0
2019-01-24,10:30p,Minnesota Timberwolves,120,Los Angeles Lakers,105,,18997,,0
2019-01-24,9:00p,Portland Trail Blazers,120,Phoenix Suns,106,,15441,,0
2019-01-24,8:00p,Golden State Warriors,126,Washington Wizards,118,,20409,,0
2019-01-24,8:00p,New Orleans Pelicans,116,Oklahoma City Thunder,122,,18203,,0
2019-01-25,9:00p,Minnesota Timberwolves,102,Utah Jazz,106,,18306,,0
2019-01-25,8:30p,Charlotte Hornets,99,Milwaukee Bucks,108,,17803,,0
2019-01-25,8:30p,Detroit Pistons,101,Dallas Mavericks,106,,20327,,0
2019-01-25,8:00p,Sacramento Kings,99,Memphis Grizzlies,96,,14486,,0
2019-01-25,9:00p,Phoenix Suns,95,Denver Nuggets,132,,17425,,0
2019-01-25,8:00p,Los Angeles Clippers,106,Chicago Bulls,101,,19354,,0
2019-01-25,7:30p,Miami Heat,100,Cleveland Cavaliers,94,,19432,,0
2019-01-25,7:30p,New York Knicks,99,Brooklyn Nets,109,,17033,,0
2019-01-25,7:00p,Washington Wizards,95,Orlando Magic,91,,17216,,0
2019-01-25,8:00p,Toronto Raptors,119,Houston Rockets,121,,18055,,0
2019-01-26,6:00p,San Antonio Spurs,126,New Orleans Pelicans,114,,17724,,0
2019-01-26,8:00p,Indiana Pacers,103,Memphis Grizzlies,106,,14486,,0
2019-01-26,8:30p,Golden State Warriors,115,Boston Celtics,111,,18624,,0
2019-01-26,9:00p,Philadelphia 76ers,110,Denver Nuggets,126,,19673,,0
2019-01-26,10:00p,Atlanta Hawks,111,Portland Trail Blazers,120,,19629,,0
2019-01-27,7:00p,Washington Wizards,119,San Antonio Spurs,132,,18354,,0
2019-01-27,9:30p,Phoenix Suns,102,Los Angeles Lakers,116,,18997,,0
2019-01-27,7:30p,Miami Heat,106,New York Knicks,97,,18852,,0
2019-01-27,7:00p,Utah Jazz,125,Minnesota Timberwolves,111,,14542,,0
2019-01-27,6:00p,Milwaukee Bucks,112,Oklahoma City Thunder,118,,18203,,0
2019-01-27,7:00p,Toronto Raptors,123,Dallas Mavericks,120,,20308,,0
2019-01-27,3:30p,Cleveland Cavaliers,104,Chicago Bulls,101,,19675,,0
2019-01-27,7:00p,Orlando Magic,98,Houston Rockets,103,,18055,,0
2019-01-27,3:30p,Sacramento Kings,108,Los Angeles Clippers,122,,19068,,0
2019-01-28,7:00p,New York Knicks,92,Charlotte Hornets,101,,13963,,0
2019-01-28,7:00p,Golden State Warriors,132,Indiana Pacers,100,,17923,,0
2019-01-28,7:30p,Brooklyn Nets,104,Boston Celtics,112,,18624,,0
2019-01-28,8:00p,Denver Nuggets,95,Memphis Grizzlies,92,,12917,,0
2019-01-28,10:30p,Atlanta Hawks,123,Los Angeles Clippers,118,,17382,,0
2019-01-29,7:00p,Washington Wizards,113,Cleveland Cavaliers,116,,19432,,0
2019-01-29,7:00p,Milwaukee Bucks,115,Detroit Pistons,105,,14187,,0
2019-01-29,7:00p,Oklahoma City Thunder,126,Orlando Magic,117,,16341,,0
2019-01-29,7:30p,Chicago Bulls,117,Brooklyn Nets,122,,12726,,0
2019-01-29,8:00p,New Orleans Pelicans,121,Houston Rockets,116,,18055,,0
2019-01-29,8:30p,Phoenix Suns,124,San Antonio Spurs,126,,18121,,0
2019-01-29,10:30p,Philadelphia 76ers,121,Los Angeles Lakers,105,,18997,,0
2019-01-30,8:00p,Indiana Pacers,89,Washington Wizards,107,,15354,,0
2019-01-30,10:30p,Utah Jazz,105,Portland Trail Blazers,132,,19393,,0
2019-01-30,10:00p,Atlanta Hawks,113,Sacramento Kings,135,,17583,,0
2019-01-30,8:00p,Denver Nuggets,105,New Orleans Pelicans,99,,14211,,0
2019-01-30,7:30p,Dallas Mavericks,114,New York Knicks,90,,18842,,0
2019-01-30,7:30p,Chicago Bulls,105,Miami Heat,89,,19600,,0
2019-01-30,7:30p,Charlotte Hornets,94,Boston Celtics,126,,18624,,0
2019-01-30,8:00p,Memphis Grizzlies,97,Minnesota Timberwolves,99,OT,13615,,0
2019-01-31,10:30p,Philadelphia 76ers,113,Golden State Warriors,104,,19596,,0
2019-01-31,7:00p,Dallas Mavericks,89,Detroit Pistons,93,,14075,,0
2019-01-31,7:00p,Indiana Pacers,100,Orlando Magic,107,,16625,,0
2019-01-31,8:00p,Milwaukee Bucks,105,Toronto Raptors,92,,19800,,0
2019-01-31,8:30p,Brooklyn Nets,114,San Antonio Spurs,117,,18057,,0
2019-01-31,10:30p,Los Angeles Lakers,123,Los Angeles Clippers,120,OT,19068,,0
2019-02-01,10:00p,Houston Rockets,122,Denver Nuggets,136,,20106,,0
2019-02-01,9:00p,Atlanta Hawks,112,Utah Jazz,128,,18306,,0
2019-02-01,7:00p,Memphis Grizzlies,92,Charlotte Hornets,100,,15387,,0
2019-02-01,7:30p,Boston Celtics,113,New York Knicks,99,,18343,,0
2019-02-01,8:00p,Oklahoma City Thunder,118,Miami Heat,102,,19600,,0
2019-02-02,8:30p,New Orleans Pelicans,108,San Antonio Spurs,113,,18354,,0
2019-02-02,9:00p,Denver Nuggets,107,Minnesota Timberwolves,106,,17208,,0
2019-02-02,8:30p,Los Angeles Lakers,101,Golden State Warriors,115,,19596,,0
2019-02-02,9:00p,Houston Rockets,125,Utah Jazz,98,,18306,,0
2019-02-02,9:00p,Atlanta Hawks,118,Phoenix Suns,112,,15534,,0
2019-02-02,10:00p,Philadelphia 76ers,108,Sacramento Kings,115,,17583,,0
2019-02-02,7:30p,Indiana Pacers,95,Miami Heat,88,,19600,,0
2019-02-02,7:00p,Milwaukee Bucks,131,Washington Wizards,115,,20409,,0
2019-02-02,7:00p,Brooklyn Nets,89,Orlando Magic,102,,17385,,0
2019-02-02,7:00p,Chicago Bulls,118,Charlotte Hornets,125,,19114,,0
2019-02-02,5:00p,Los Angeles Clippers,111,Detroit Pistons,101,,17862,,0
2019-02-02,7:30p,Dallas Mavericks,111,Cleveland Cavaliers,98,,19432,,0
2019-02-03,1:00p,Memphis Grizzlies,96,New York Knicks,84,,17025,,0
2019-02-03,2:00p,Oklahoma City Thunder,129,Boston Celtics,134,,18624,,0
2019-02-03,3:00p,Los Angeles Clippers,103,Toronto Raptors,121,,19800,,0
2019-02-04,10:00p,San Antonio Spurs,112,Sacramento Kings,127,,16245,,0
2019-02-04,9:00p,Houston Rockets,118,Phoenix Suns,110,,15740,,0
2019-02-04,8:00p,Indiana Pacers,109,New Orleans Pelicans,107,,15780,,0
2019-02-04,7:00p,Denver Nuggets,103,Detroit Pistons,129,,12589,,0
2019-02-04,7:00p,Atlanta Hawks,137,Washington Wizards,129,,15025,,0
2019-02-04,7:30p,Milwaukee Bucks,113,Brooklyn Nets,94,,16209,,0
2019-02-05,10:30p,Miami Heat,118,Portland Trail Blazers,108,,19468,,0
2019-02-05,8:00p,Toronto Raptors,119,Philadelphia 76ers,107,,20472,,0
2019-02-05,8:00p,Minnesota Timberwolves,106,Memphis Grizzlies,108,,13454,,0
2019-02-05,8:00p,Orlando Magic,122,Oklahoma City Thunder,132,,18203,,0
2019-02-05,7:00p,Los Angeles Lakers,94,Indiana Pacers,136,,17265,,0
2019-02-05,7:00p,Boston Celtics,103,Cleveland Cavaliers,96,,19432,,0
2019-02-05,7:00p,Los Angeles Clippers,117,Charlotte Hornets,115,,14300,,0
2019-02-05,7:30p,Detroit Pistons,105,New York Knicks,92,,17853,,0
2019-02-06,10:00p,Houston Rockets,127,Sacramento Kings,101,,17583,,0
2019-02-06,9:00p,Phoenix Suns,88,Utah Jazz,116,,18306,,0
2019-02-06,8:30p,Charlotte Hornets,93,Dallas Mavericks,99,,19606,,0
2019-02-06,10:30p,San Antonio Spurs,102,Golden State Warriors,141,,19596,,0
2019-02-06,8:00p,New Orleans Pelicans,125,Chicago Bulls,120,,18116,,0
2019-02-06,7:30p,Denver Nuggets,130,Brooklyn Nets,135,,14516,,0
2019-02-06,8:00p,Washington Wizards,129,Milwaukee Bucks,148,,17360,,0
2019-02-07,7:00p,Los Angeles Clippers,92,Indiana Pacers,116,,15756,,0
2019-02-07,7:00p,Minnesota Timberwolves,112,Orlando Magic,122,,17184,,0
2019-02-07,7:30p,Toronto Raptors,119,Atlanta Hawks,101,,16036,,0
2019-02-07,8:00p,Los Angeles Lakers,129,Boston Celtics,128,,18624,,0
2019-02-07,8:00p,Memphis Grizzlies,95,Oklahoma City Thunder,117,,18203,,0
2019-02-07,10:30p,San Antonio Spurs,118,Portland Trail Blazers,127,,19393,,0
2019-02-08,9:00p,Golden State Warriors,117,Phoenix Suns,107,,17081,,0
2019-02-08,10:00p,Miami Heat,96,Sacramento Kings,102,,17583,,0
2019-02-08,9:30p,Minnesota Timberwolves,117,New Orleans Pelicans,122,,16980,,0
2019-02-08,8:30p,Milwaukee Bucks,122,Dallas Mavericks,107,,20420,,0
2019-02-08,7:00p,New York Knicks,103,Detroit Pistons,120,,14430,,0
2019-02-08,7:00p,Cleveland Cavaliers,106,Washington Wizards,119,,16682,,0
2019-02-08,7:30p,Chicago Bulls,125,Brooklyn Nets,106,,15267,,0
2019-02-08,7:00p,Denver Nuggets,110,Philadelphia 76ers,117,,20627,,0
2019-02-09,5:00p,San Antonio Spurs,105,Utah Jazz,125,,18306,,0
2019-02-09,7:00p,Cleveland Cavaliers,90,Indiana Pacers,105,,17923,,0
2019-02-09,7:30p,Charlotte Hornets,129,Atlanta Hawks,120,,15048,,0
2019-02-09,7:30p,Toronto Raptors,104,New York Knicks,99,,18886,,0
2019-02-09,8:00p,Los Angeles Clippers,123,Boston Celtics,112,,18624,,0
2019-02-09,8:00p,Washington Wizards,134,Chicago Bulls,125,,19942,,0
2019-02-09,8:00p,New Orleans Pelicans,90,Memphis Grizzlies,99,,16841,,0
2019-02-09,8:30p,Oklahoma City Thunder,117,Houston Rockets,112,,18061,,0
2019-02-09,9:00p,Orlando Magic,103,Milwaukee Bucks,83,,17812,,0
2019-02-10,7:30p,Orlando Magic,124,Atlanta Hawks,108,,13370,,0
2019-02-10,6:00p,Phoenix Suns,104,Sacramento Kings,117,,17583,,0
2019-02-10,8:30p,Miami Heat,118,Golden State Warriors,120,,19596,,0
2019-02-10,3:00p,Portland Trail Blazers,101,Dallas Mavericks,102,,20340,,0
2019-02-10,3:30p,Los Angeles Lakers,120,Philadelphia 76ers,143,,20683,,0
2019-02-11,9:00p,Miami Heat,87,Denver Nuggets,103,,18378,,0
2019-02-11,8:00p,Portland Trail Blazers,111,Oklahoma City Thunder,120,,18203,,0
2019-02-11,8:00p,Dallas Mavericks,104,Houston Rockets,120,,18055,,0
2019-02-11,8:00p,Milwaukee Bucks,112,Chicago Bulls,99,,18833,,0
2019-02-11,8:00p,Los Angeles Clippers,120,Minnesota Timberwolves,130,,13782,,0
2019-02-11,7:00p,Charlotte Hornets,90,Indiana Pacers,99,,15734,,0
2019-02-11,7:00p,New York Knicks,104,Cleveland Cavaliers,107,,19432,,0
2019-02-11,7:30p,Brooklyn Nets,125,Toronto Raptors,127,,19800,,0
2019-02-11,7:00p,Washington Wizards,112,Detroit Pistons,121,,15246,,0
2019-02-12,10:30p,Utah Jazz,108,Golden State Warriors,115,,19596,,0
2019-02-12,7:30p,Los Angeles Lakers,113,Atlanta Hawks,117,,16824,,0
2019-02-12,8:00p,San Antonio Spurs,108,Memphis Grizzlies,107,,13788,,0
2019-02-12,8:00p,Orlando Magic,118,New Orleans Pelicans,88,,15733,,0
2019-02-12,8:00p,Boston Celtics,112,Philadelphia 76ers,109,,20582,,0
2019-02-13,8:30p,Miami Heat,112,Dallas Mavericks,101,,20364,,0
2019-02-13,10:30p,Phoenix Suns,107,Los Angeles Clippers,134,,17703,,0
2019-02-13,8:00p,Houston Rockets,111,Minnesota Timberwolves,121,,15131,,0
2019-02-13,10:30p,Golden State Warriors,107,Portland Trail Blazers,129,,19549,,0
2019-02-13,8:00p,Memphis Grizzlies,110,Chicago Bulls,122,,19114,,0
2019-02-13,9:00p,Sacramento Kings,118,Denver Nuggets,120,,17938,,0
2019-02-13,7:30p,Philadelphia 76ers,126,New York Knicks,111,,18983,,0
2019-02-13,7:30p,Detroit Pistons,110,Boston Celtics,118,,18624,,0
2019-02-13,7:30p,Washington Wizards,120,Toronto Raptors,129,,19800,,0
2019-02-13,7:00p,Milwaukee Bucks,106,Indiana Pacers,97,,17311,,0
2019-02-13,7:00p,Brooklyn Nets,148,Cleveland Cavaliers,139,3OT,17434,,0
2019-02-14,7:00p,Charlotte Hornets,89,Orlando Magic,127,,18846,,0
2019-02-14,7:30p,New York Knicks,106,Atlanta Hawks,91,,14179,,0
2019-02-14,8:00p,Oklahoma City Thunder,122,New Orleans Pelicans,131,,15686,,0
2019-02-21,10:30p,Houston Rockets,106,Los Angeles Lakers,111,,18997,,0
2019-02-21,10:30p,Sacramento Kings,123,Golden State Warriors,125,,19596,,0
2019-02-21,8:00p,Boston Celtics,97,Milwaukee Bucks,98,,17926,,0
2019-02-21,7:00p,Phoenix Suns,98,Cleveland Cavaliers,111,,19022,,0
2019-02-21,7:00p,Miami Heat,102,Philadelphia 76ers,106,,20505,,0
2019-02-21,7:30p,Portland Trail Blazers,113,Brooklyn Nets,99,,17732,,0
2019-02-22,7:30p,Minnesota Timberwolves,115,New York Knicks,104,,19096,,0
2019-02-22,9:30p,Utah Jazz,147,Oklahoma City Thunder,148,2OT,18203,,0
2019-02-22,8:00p,Los Angeles Clippers,112,Memphis Grizzlies,106,,16444,,0
2019-02-22,7:30p,Detroit Pistons,125,Atlanta Hawks,122,,14067,,0
2019-02-22,8:30p,Denver Nuggets,114,Dallas Mavericks,104,,20382,,0
2019-02-22,7:00p,Chicago Bulls,110,Orlando Magic,109,,18846,,0
2019-02-22,7:00p,New Orleans Pelicans,111,Indiana Pacers,126,,16962,,0
2019-02-22,7:00p,Washington Wizards,110,Charlotte Hornets,123,,15572,,0
2019-02-22,7:00p,San Antonio Spurs,117,Toronto Raptors,120,,20058,,0
2019-02-23,10:00p,Dallas Mavericks,109,Utah Jazz,125,,18306,,0
2019-02-23,8:30p,Minnesota Timberwolves,128,Milwaukee Bucks,140,,17972,,0
2019-02-23,8:30p,Houston Rockets,118,Golden State Warriors,112,,19596,,0
2019-02-23,8:00p,Sacramento Kings,119,Oklahoma City Thunder,116,,18203,,0
2019-02-23,7:30p,Detroit Pistons,119,Miami Heat,96,,19600,,0
2019-02-23,8:00p,Boston Celtics,116,Chicago Bulls,126,,21295,,0
2019-02-23,7:00p,Los Angeles Lakers,115,New Orleans Pelicans,128,,18626,,0
2019-02-23,7:00p,Memphis Grizzlies,107,Cleveland Cavaliers,112,,19432,,0
2019-02-23,7:00p,Brooklyn Nets,117,Charlotte Hornets,115,,19158,,0
2019-02-23,7:00p,Phoenix Suns,112,Atlanta Hawks,120,,15214,,0
2019-02-23,1:00p,Portland Trail Blazers,130,Philadelphia 76ers,115,,20619,,0
2019-02-23,7:00p,Indiana Pacers,119,Washington Wizards,112,,19648,,0
2019-02-24,3:30p,Orlando Magic,113,Toronto Raptors,98,,19800,,0
2019-02-24,5:00p,Los Angeles Clippers,96,Denver Nuggets,123,,19956,,0
2019-02-24,7:30p,San Antonio Spurs,118,New York Knicks,130,,18019,,0
2019-02-25,8:00p,Atlanta Hawks,111,Houston Rockets,119,,18055,,0
2019-02-25,8:00p,Philadelphia 76ers,111,New Orleans Pelicans,110,,17194,,0
2019-02-25,8:00p,Sacramento Kings,105,Minnesota Timberwolves,112,,13691,,0
2019-02-25,8:00p,Los Angeles Lakers,105,Memphis Grizzlies,110,,17794,,0
2019-02-25,10:30p,Dallas Mavericks,112,Los Angeles Clippers,121,,19068,,0
2019-02-25,7:30p,Phoenix Suns,124,Miami Heat,121,,19600,,0
2019-02-25,7:30p,San Antonio Spurs,85,Brooklyn Nets,101,,13479,,0
2019-02-25,7:00p,Indiana Pacers,109,Detroit Pistons,113,,15321,,0
2019-02-25,7:00p,Portland Trail Blazers,123,Cleveland Cavaliers,110,,19432,,0
2019-02-25,7:00p,Golden State Warriors,121,Charlotte Hornets,110,,19419,,0
2019-02-25,8:00p,Milwaukee Bucks,117,Chicago Bulls,106,,20936,,0
2019-02-26,7:30p,Orlando Magic,103,New York Knicks,108,,17833,,0
2019-02-26,8:00p,Boston Celtics,95,Toronto Raptors,118,,19800,,0
2019-02-26,10:30p,Oklahoma City Thunder,112,Denver Nuggets,121,,18378,,0
2019-02-27,10:30p,New Orleans Pelicans,119,Los Angeles Lakers,125,,18997,,0
2019-02-27,9:00p,Los Angeles Clippers,105,Utah Jazz,111,,18306,,0
2019-02-27,8:30p,Detroit Pistons,93,San Antonio Spurs,105,,18354,,0
2019-02-27,8:30p,Indiana Pacers,101,Dallas Mavericks,110,,19978,,0
2019-02-27,8:00p,Chicago Bulls,109,Memphis Grizzlies,107,,13711,,0
2019-02-27,10:00p,Milwaukee Bucks,141,Sacramento Kings,140,OT,17583,,0
2019-02-27,7:30p,Golden State Warriors,125,Miami Heat,126,,19647,,0
2019-02-27,7:30p,Washington Wizards,125,Brooklyn Nets,116,,13683,,0
2019-02-27,7:30p,Minnesota Timberwolves,123,Atlanta Hawks,131,OT,14101,,0
2019-02-27,8:00p,Portland Trail Blazers,97,Boston Celtics,92,,18624,,0
2019-02-27,7:00p,Houston Rockets,118,Charlotte Hornets,113,,17903,,0
2019-02-28,8:00p,Philadelphia 76ers,108,Oklahoma City Thunder,104,,18203,,0
2019-02-28,8:00p,Miami Heat,118,Houston Rockets,121,,18119,,0
2019-02-28,10:30p,Utah Jazz,111,Denver Nuggets,104,,19520,,0
2019-02-28,7:00p,Golden State Warriors,96,Orlando Magic,103,,18846,,0
2019-02-28,7:00p,Minnesota Timberwolves,115,Indiana Pacers,122,,17003,,0
2019-02-28,7:30p,Cleveland Cavaliers,125,New York Knicks,118,,17573,,0
2019-03-01,7:30p,Chicago Bulls,168,Atlanta Hawks,161,4OT,15267,,0
2019-03-01,7:30p,Charlotte Hornets,123,Brooklyn Nets,112,,15578,,0
2019-03-01,8:00p,Washington Wizards,96,Boston Celtics,107,,18624,,0
2019-03-01,8:00p,Portland Trail Blazers,117,Toronto Raptors,119,,19800,,0
2019-03-01,9:00p,New Orleans Pelicans,130,Phoenix Suns,116,,14123,,0
2019-03-01,10:00p,Los Angeles Clippers,116,Sacramento Kings,109,,17583,,0
2019-03-01,10:30p,Milwaukee Bucks,131,Los Angeles Lakers,120,,18997,,0
2019-03-02,8:30p,Oklahoma City Thunder,102,San Antonio Spurs,116,,18439,,0
2019-03-02,9:00p,Los Angeles Lakers,109,Phoenix Suns,118,,18055,,0
2019-03-02,9:00p,Milwaukee Bucks,111,Utah Jazz,115,,18306,,0
2019-03-02,8:30p,Golden State Warriors,120,Philadelphia 76ers,117,,20624,,0
2019-03-02,9:00p,New Orleans Pelicans,120,Denver Nuggets,112,,19978,,0
2019-03-02,7:30p,Brooklyn Nets,88,Miami Heat,117,,19600,,0
2019-03-02,7:00p,Orlando Magic,117,Indiana Pacers,112,,17923,,0
2019-03-02,5:00p,Detroit Pistons,129,Cleveland Cavaliers,93,,19432,,0
2019-03-02,8:30p,Memphis Grizzlies,111,Dallas Mavericks,81,,20233,,0
2019-03-03,7:00p,Memphis Grizzlies,95,Oklahoma City Thunder,99,,18203,,0
2019-03-03,6:00p,Toronto Raptors,107,Detroit Pistons,112,OT,19161,,0
2019-03-03,6:00p,Orlando Magic,93,Cleveland Cavaliers,107,,19432,,0
2019-03-03,6:00p,Minnesota Timberwolves,121,Washington Wizards,135,,17869,,0
2019-03-03,3:30p,Atlanta Hawks,123,Chicago Bulls,118,,20526,,0
2019-03-03,3:30p,Houston Rockets,115,Boston Celtics,104,,18624,,0
2019-03-03,1:00p,Portland Trail Blazers,118,Charlotte Hornets,108,,18355,,0
2019-03-03,3:30p,New York Knicks,107,Los Angeles Clippers,128,,19068,,0
2019-03-04,7:30p,Dallas Mavericks,88,Brooklyn Nets,127,,17064,,0
2019-03-04,7:30p,Atlanta Hawks,113,Miami Heat,114,,19600,,0
2019-03-04,8:30p,Denver Nuggets,103,San Antonio Spurs,104,,18354,,0
2019-03-04,9:00p,Milwaukee Bucks,105,Phoenix Suns,114,,18055,,0
2019-03-04,9:00p,New Orleans Pelicans,115,Utah Jazz,112,,18306,,0
2019-03-04,10:00p,New York Knicks,108,Sacramento Kings,115,,17034,,0
2019-03-04,10:30p,Los Angeles Clippers,113,Los Angeles Lakers,105,,18997,,0
2019-03-05,10:30p,Boston Celtics,128,Golden State Warriors,95,,19596,,0
2019-03-05,8:00p,Houston Rockets,107,Toronto Raptors,95,,19800,,0
2019-03-05,8:00p,Oklahoma City Thunder,120,Minnesota Timberwolves,131,,15728,,0
2019-03-05,7:00p,Orlando Magic,106,Philadelphia 76ers,114,,20379,,0
2019-03-05,7:00p,Chicago Bulls,96,Indiana Pacers,105,,15753,,0
2019-03-05,8:00p,Portland Trail Blazers,111,Memphis Grizzlies,120,,13801,,0
2019-03-06,10:30p,Denver Nuggets,115,Los Angeles Lakers,99,,18997,,0
2019-03-06,10:00p,Boston Celtics,111,Sacramento Kings,109,,17583,,0
2019-03-06,9:00p,New York Knicks,96,Phoenix Suns,107,,14427,,0
2019-03-06,8:00p,Philadelphia 76ers,107,Chicago Bulls,108,,19927,,0
2019-03-06,8:00p,Utah Jazz,114,New Orleans Pelicans,104,,14681,,0
2019-03-06,7:30p,San Antonio Spurs,111,Atlanta Hawks,104,,15208,,0
2019-03-06,7:00p,Dallas Mavericks,123,Washington Wizards,132,,16867,,0
2019-03-06,7:00p,Minnesota Timberwolves,114,Detroit Pistons,131,,15240,,0
2019-03-06,7:00p,Miami Heat,91,Charlotte Hornets,84,,18137,,0
2019-03-06,7:30p,Cleveland Cavaliers,107,Brooklyn Nets,113,,14177,,0
2019-03-07,8:00p,Indiana Pacers,98,Milwaukee Bucks,117,,17884,,0
2019-03-07,10:30p,Oklahoma City Thunder,129,Portland Trail Blazers,121,OT,20037,,0
2019-03-08,8:00p,Cleveland Cavaliers,110,Miami Heat,126,,19600,,0
2019-03-08,10:30p,Denver Nuggets,105,Golden State Warriors,122,,19596,,0
2019-03-08,10:30p,Oklahoma City Thunder,110,Los Angeles Clippers,118,,17915,,0
2019-03-08,8:00p,Utah Jazz,104,Memphis Grizzlies,114,,15407,,0
2019-03-08,8:00p,Toronto Raptors,127,New Orleans Pelicans,104,,17325,,0
2019-03-08,8:00p,Detroit Pistons,112,Chicago Bulls,104,,21048,,0
2019-03-08,7:00p,Washington Wizards,111,Charlotte Hornets,112,,18144,,0
2019-03-08,8:00p,Philadelphia 76ers,91,Houston Rockets,107,,18055,,0
2019-03-08,7:00p,Dallas Mavericks,106,Orlando Magic,111,,19196,,0
2019-03-09,12:00p,Sacramento Kings,102,New York Knicks,94,,19812,,0
2019-03-09,7:00p,Brooklyn Nets,114,Atlanta Hawks,112,,16527,,0
2019-03-09,8:00p,Washington Wizards,130,Minnesota Timberwolves,135,OT,14381,,0
2019-03-09,8:30p,Boston Celtics,120,Los Angeles Lakers,107,,18997,,0
2019-03-09,9:00p,Charlotte Hornets,114,Milwaukee Bucks,131,,17996,,0
2019-03-09,10:00p,Phoenix Suns,120,Portland Trail Blazers,127,,19851,,0
2019-03-10,7:00p,Houston Rockets,94,Dallas Mavericks,93,,20423,,0
2019-03-10,8:30p,Phoenix Suns,115,Golden State Warriors,111,,19596,,0
2019-03-10,8:00p,Milwaukee Bucks,114,San Antonio Spurs,121,,18594,,0
2019-03-10,8:00p,New York Knicks,92,Minnesota Timberwolves,103,,13806,,0
2019-03-10,3:30p,Indiana Pacers,89,Philadelphia 76ers,106,,20636,,0
2019-03-10,6:00p,New Orleans Pelicans,116,Atlanta Hawks,128,,14337,,0
2019-03-10,3:30p,Toronto Raptors,125,Miami Heat,104,,19600,,0
2019-03-10,12:00p,Chicago Bulls,108,Detroit Pistons,131,,19356,,0
2019-03-10,6:00p,Orlando Magic,97,Memphis Grizzlies,105,,16627,,0
2019-03-11,9:00p,Oklahoma City Thunder,98,Utah Jazz,89,,18306,,0
2019-03-11,10:30p,Boston Celtics,115,Los Angeles Clippers,140,,19068,,0
2019-03-11,8:00p,Charlotte Hornets,106,Houston Rockets,118,,18055,,0
2019-03-11,7:30p,Detroit Pistons,75,Brooklyn Nets,103,,17732,,0
2019-03-11,7:00p,Sacramento Kings,115,Washington Wizards,121,,15012,,0
2019-03-11,7:00p,Toronto Raptors,101,Cleveland Cavaliers,126,,19432,,0
2019-03-12,10:30p,Minnesota Timberwolves,107,Denver Nuggets,133,,16874,,0
2019-03-12,10:30p,Portland Trail Blazers,125,Los Angeles Clippers,104,,16686,,0
2019-03-12,8:00p,Milwaukee Bucks,130,New Orleans Pelicans,113,,15562,,0
2019-03-12,7:00p,New York Knicks,98,Indiana Pacers,103,,16679,,0
2019-03-12,8:00p,Los Angeles Lakers,123,Chicago Bulls,107,,21359,,0
2019-03-12,7:00p,Cleveland Cavaliers,99,Philadelphia 76ers,106,,20420,,0
2019-03-12,8:00p,San Antonio Spurs,112,Dallas Mavericks,105,,20366,,0
2019-03-13,7:00p,Brooklyn Nets,96,Oklahoma City Thunder,108,,18203,,0
2019-03-13,7:00p,Orlando Magic,90,Washington Wizards,100,,15107,,0
2019-03-13,7:30p,Memphis Grizzlies,111,Atlanta Hawks,132,,15169,,0
2019-03-13,7:30p,Detroit Pistons,74,Miami Heat,108,,19600,,0
2019-03-13,9:30p,Golden State Warriors,106,Houston Rockets,104,,18122,,0
2019-03-13,10:00p,Utah Jazz,114,Phoenix Suns,97,,18055,,0
2019-03-14,9:00p,Minnesota Timberwolves,100,Utah Jazz,120,,18306,,0
2019-03-14,10:30p,Dallas Mavericks,99,Denver Nuggets,100,,19520,,0
2019-03-14,8:00p,Los Angeles Lakers,98,Toronto Raptors,111,,19962,,0
2019-03-14,7:30p,Sacramento Kings,120,Boston Celtics,126,,18624,,0
2019-03-14,7:00p,Cleveland Cavaliers,91,Orlando Magic,120,,18091,,0
2019-03-14,7:00p,Oklahoma City Thunder,106,Indiana Pacers,108,,16656,,0
2019-03-15,8:00p,Portland Trail Blazers,122,New Orleans Pelicans,110,,16117,,0
2019-03-15,8:30p,New York Knicks,83,San Antonio Spurs,109,,18354,,0
2019-03-15,10:30p,Chicago Bulls,121,Los Angeles Clippers,128,,17404,,0
2019-03-15,8:00p,Milwaukee Bucks,113,Miami Heat,98,,19600,,0
2019-03-15,7:00p,Los Angeles Lakers,97,Detroit Pistons,111,,20768,,0
2019-03-15,7:00p,Charlotte Hornets,116,Washington Wizards,110,,19520,,0
2019-03-15,7:00p,Sacramento Kings,114,Philadelphia 76ers,123,,20704,,0
2019-03-15,8:00p,Phoenix Suns,102,Houston Rockets,108,,18055,,0
2019-03-16,12:30p,Atlanta Hawks,120,Boston Celtics,129,,18624,,0
2019-03-16,7:00p,Phoenix Suns,138,New Orleans Pelicans,136,OT,17641,,0
2019-03-16,7:00p,Memphis Grizzlies,128,Washington Wizards,135,,19750,,0
2019-03-16,8:30p,Cleveland Cavaliers,116,Dallas Mavericks,121,,20347,,0
2019-03-16,8:30p,Golden State Warriors,110,Oklahoma City Thunder,88,,18203,,0
2019-03-16,8:30p,Portland Trail Blazers,103,San Antonio Spurs,108,,18354,,0
2019-03-16,9:00p,Indiana Pacers,100,Denver Nuggets,102,,19856,,0
2019-03-16,9:00p,Brooklyn Nets,98,Utah Jazz,114,,18306,,0
2019-03-17,9:00p,Brooklyn Nets,116,Los Angeles Clippers,119,,17247,,0
2019-03-17,9:00p,Minnesota Timberwolves,102,Houston Rockets,117,,18055,,0
2019-03-17,6:00p,Chicago Bulls,102,Sacramento Kings,129,,17583,,0
2019-03-17,6:00p,Atlanta Hawks,91,Orlando Magic,101,,18045,,0
2019-03-17,4:00p,Toronto Raptors,107,Detroit Pistons,110,,19277,,0
2019-03-17,1:00p,Charlotte Hornets,75,Miami Heat,93,,19600,,0
2019-03-17,12:00p,Los Angeles Lakers,123,New York Knicks,124,,19812,,0
2019-03-17,3:30p,Philadelphia 76ers,130,Milwaukee Bucks,125,,18148,,0
2019-03-18,7:00p,Detroit Pistons,119,Cleveland Cavaliers,126,,18465,,0
2019-03-18,7:00p,Utah Jazz,116,Washington Wizards,95,,15637,,0
2019-03-18,7:30p,Denver Nuggets,114,Boston Celtics,105,,18624,,0
2019-03-18,7:30p,New York Knicks,92,Toronto Raptors,128,,19800,,0
2019-03-18,8:00p,Miami Heat,116,Oklahoma City Thunder,107,,18203,,0
2019-03-18,8:00p,Golden State Warriors,105,San Antonio Spurs,111,,18354,,0
2019-03-18,8:30p,New Orleans Pelicans,129,Dallas Mavericks,125,OT,20276,,0
2019-03-18,10:00p,Chicago Bulls,116,Phoenix Suns,101,,15879,,0
2019-03-18,10:30p,Indiana Pacers,98,Portland Trail Blazers,106,,19393,,0
2019-03-19,10:00p,Brooklyn Nets,123,Sacramento Kings,121,,17583,,0
2019-03-19,8:00p,Golden State Warriors,117,Minnesota Timberwolves,107,,17964,,0
2019-03-19,10:30p,Indiana Pacers,109,Los Angeles Clippers,115,,16043,,0
2019-03-19,7:30p,Houston Rockets,121,Atlanta Hawks,105,,16293,,0
2019-03-19,7:00p,Philadelphia 76ers,118,Charlotte Hornets,114,,16411,,0
2019-03-19,8:00p,Los Angeles Lakers,101,Milwaukee Bucks,115,,17879,,0
2019-03-20,10:00p,Dallas Mavericks,118,Portland Trail Blazers,126,,19803,,0
2019-03-20,9:30p,Toronto Raptors,123,Oklahoma City Thunder,114,OT,18203,,0
2019-03-20,8:30p,Miami Heat,110,San Antonio Spurs,105,,18354,,0
2019-03-20,8:00p,Houston Rockets,125,Memphis Grizzlies,126,OT,16691,,0
2019-03-20,7:00p,New Orleans Pelicans,96,Orlando Magic,119,,17005,,0
2019-03-20,7:30p,Utah Jazz,137,New York Knicks,116,,18530,,0
2019-03-20,7:00p,Boston Celtics,115,Philadelphia 76ers,118,,20606,,0
2019-03-20,7:00p,Milwaukee Bucks,102,Cleveland Cavaliers,107,,19432,,0
2019-03-20,8:00p,Washington Wizards,120,Chicago Bulls,126,OT,19470,,0
2019-03-21,7:00p,Minnesota Timberwolves,106,Charlotte Hornets,113,,15576,,0
2019-03-21,7:00p,Denver Nuggets,113,Washington Wizards,108,,15986,,0
2019-03-21,7:30p,Utah Jazz,114,Atlanta Hawks,117,,15569,,0
2019-03-21,10:00p,Detroit Pistons,118,Phoenix Suns,98,,16066,,0
2019-03-21,10:00p,Dallas Mavericks,100,Sacramento Kings,116,,17583,,0
2019-03-21,10:30p,Indiana Pacers,89,Golden State Warriors,112,,19596,,0
2019-03-22,10:30p,Brooklyn Nets,111,Los Angeles Lakers,106,,18997,,0
2019-03-22,8:30p,Miami Heat,87,Milwaukee Bucks,116,,18094,,0
2019-03-22,8:00p,San Antonio Spurs,105,Houston Rockets,111,,18055,,0
2019-03-22,7:00p,Memphis Grizzlies,119,Orlando Magic,123,OT,18025,,0
2019-03-22,7:30p,Denver Nuggets,111,New York Knicks,93,,19290,,0
2019-03-22,7:30p,Los Angeles Clippers,110,Cleveland Cavaliers,108,,19432,,0
2019-03-22,7:30p,Oklahoma City Thunder,116,Toronto Raptors,109,,20014,,0
2019-03-23,8:30p,Dallas Mavericks,126,Golden State Warriors,91,,19596,,0
2019-03-23,10:00p,Phoenix Suns,103,Sacramento Kings,112,,17583,,0
2019-03-23,10:00p,Detroit Pistons,112,Portland Trail Blazers,117,,19815,,0
2019-03-23,8:00p,Minnesota Timberwolves,112,Memphis Grizzlies,99,,16977,,0
2019-03-23,8:00p,Utah Jazz,114,Chicago Bulls,83,,20506,,0
2019-03-23,7:30p,Philadelphia 76ers,127,Atlanta Hawks,129,,16640,,0
2019-03-23,7:00p,Miami Heat,113,Washington Wizards,108,,20409,,0
2019-03-23,6:00p,Boston Celtics,117,Charlotte Hornets,124,,19438,,0
2019-03-24,9:30p,Sacramento Kings,106,Los Angeles Lakers,111,,18997,,0
2019-03-24,7:30p,San Antonio Spurs,115,Boston Celtics,96,,18624,,0
2019-03-24,7:00p,Houston Rockets,113,New Orleans Pelicans,90,,17048,,0
2019-03-24,8:30p,Detroit Pistons,114,Golden State Warriors,121,,19596,,0
2019-03-24,5:00p,Denver Nuggets,88,Indiana Pacers,124,,17923,,0
2019-03-24,4:30p,Cleveland Cavaliers,105,Milwaukee Bucks,127,,17930,,0
2019-03-24,12:00p,Los Angeles Clippers,124,New York Knicks,113,,18263,,0
2019-03-24,6:00p,Charlotte Hornets,115,Toronto Raptors,114,,19800,,0
2019-03-25,7:00p,Philadelphia 76ers,98,Orlando Magic,119,,16848,,0
2019-03-25,8:00p,Oklahoma City Thunder,103,Memphis Grizzlies,115,,15144,,0
2019-03-25,9:00p,Phoenix Suns,92,Utah Jazz,125,,18306,,0
2019-03-25,10:00p,Brooklyn Nets,144,Portland Trail Blazers,148,2OT,20188,,0
2019-03-26,8:00p,Atlanta Hawks,130,New Orleans Pelicans,120,,14751,,0
2019-03-26,9:00p,Detroit Pistons,92,Denver Nuggets,95,,19520,,0
2019-03-26,10:30p,Washington Wizards,106,Los Angeles Lakers,124,,18997,,0
2019-03-26,8:30p,Sacramento Kings,125,Dallas Mavericks,121,,20168,,0
2019-03-26,8:00p,Los Angeles Clippers,122,Minnesota Timberwolves,111,,13176,,0
2019-03-26,7:00p,Boston Celtics,116,Cleveland Cavaliers,106,,19432,,0
2019-03-26,7:30p,Chicago Bulls,103,Toronto Raptors,112,,19800,,0
2019-03-26,7:30p,Orlando Magic,104,Miami Heat,99,,19704,,0
2019-03-26,7:00p,San Antonio Spurs,116,Charlotte Hornets,125,OT,14227,,0
2019-03-26,8:00p,Houston Rockets,94,Milwaukee Bucks,108,,17910,,0
2019-03-27,8:00p,Portland Trail Blazers,118,Chicago Bulls,98,,20227,,0
2019-03-27,8:00p,Golden State Warriors,118,Memphis Grizzlies,103,,17794,,0
2019-03-27,8:00p,Indiana Pacers,99,Oklahoma City Thunder,107,,18203,,0
2019-03-27,10:00p,Washington Wizards,124,Phoenix Suns,121,,16004,,0
2019-03-27,10:30p,Los Angeles Lakers,100,Utah Jazz,115,,18306,,0
2019-03-28,8:30p,Cleveland Cavaliers,110,San Antonio Spurs,116,,18756,,0
2019-03-28,8:00p,Sacramento Kings,118,New Orleans Pelicans,121,,13976,,0
2019-03-28,8:00p,Los Angeles Clippers,118,Milwaukee Bucks,128,,17922,,0
2019-03-28,8:00p,Denver Nuggets,85,Houston Rockets,112,,18055,,0
2019-03-28,7:00p,Orlando Magic,98,Detroit Pistons,115,,18128,,0
2019-03-28,7:30p,Dallas Mavericks,99,Miami Heat,105,,19851,,0
2019-03-28,7:00p,Brooklyn Nets,110,Philadelphia 76ers,123,,20547,,0
2019-03-28,7:30p,Toronto Raptors,117,New York Knicks,92,,19812,,0
2019-03-29,9:00p,Washington Wizards,124,Utah Jazz,128,,18306,,0
2019-03-29,10:30p,Charlotte Hornets,115,Los Angeles Lakers,129,,18997,,0
2019-03-29,8:00p,Denver Nuggets,115,Oklahoma City Thunder,105,,18203,,0
2019-03-29,7:00p,Indiana Pacers,112,Boston Celtics,114,,18624,,0
2019-03-29,7:30p,Portland Trail Blazers,118,Atlanta Hawks,98,,16182,,0
2019-03-29,8:00p,Golden State Warriors,130,Minnesota Timberwolves,131,OT,18978,,0
2019-03-30,3:30p,Cleveland Cavaliers,108,Los Angeles Clippers,132,,16439,,0
2019-03-30,6:00p,Boston Celtics,96,Brooklyn Nets,110,,17732,,0
2019-03-30,6:00p,Sacramento Kings,108,Houston Rockets,119,,18055,,0
2019-03-30,7:00p,Portland Trail Blazers,90,Detroit Pistons,99,,18592,,0
2019-03-30,7:00p,Orlando Magic,121,Indiana Pacers,116,,17923,,0
2019-03-30,7:30p,Miami Heat,100,New York Knicks,92,,19812,,0
2019-03-30,8:00p,Toronto Raptors,124,Chicago Bulls,101,,21238,,0
2019-03-30,8:00p,Philadelphia 76ers,118,Minnesota Timberwolves,109,,18978,,0
2019-03-30,10:00p,Memphis Grizzlies,120,Phoenix Suns,115,,16647,,0
2019-03-31,8:00p,Washington Wizards,95,Denver Nuggets,90,,17356,,0
2019-03-31,8:30p,Charlotte Hornets,90,Golden State Warriors,137,,19596,,0
2019-03-31,10:30p,Memphis Grizzlies,96,Los Angeles Clippers,113,,16740,,0
2019-03-31,6:00p,Los Angeles Lakers,130,New Orleans Pelicans,102,,18562,,0
2019-03-31,3:30p,Dallas Mavericks,106,Oklahoma City Thunder,103,,18203,,0
2019-03-31,12:30p,Milwaukee Bucks,135,Atlanta Hawks,136,OT,16660,,0
2019-03-31,7:00p,Sacramento Kings,113,San Antonio Spurs,106,,18407,,0
2019-04-01,10:00p,Cleveland Cavaliers,113,Phoenix Suns,122,,14050,,0
2019-04-01,8:30p,Philadelphia 76ers,102,Dallas Mavericks,122,,19645,,0
2019-04-01,8:00p,Portland Trail Blazers,132,Minnesota Timberwolves,122,,11209,,0
2019-04-01,7:30p,Orlando Magic,109,Toronto Raptors,121,,19800,,0
2019-04-01,9:00p,Charlotte Hornets,102,Utah Jazz,111,,18306,,0
2019-04-01,7:30p,Milwaukee Bucks,131,Brooklyn Nets,121,,17732,,0
2019-04-01,7:30p,Miami Heat,105,Boston Celtics,110,,18624,,0
2019-04-01,7:00p,Detroit Pistons,102,Indiana Pacers,111,,15760,,0
2019-04-01,7:30p,Chicago Bulls,105,New York Knicks,113,,18874,,0
2019-04-02,8:00p,Los Angeles Lakers,103,Oklahoma City Thunder,119,,18203,,0
2019-04-02,8:30p,Atlanta Hawks,111,San Antonio Spurs,117,,18354,,0
2019-04-02,10:00p,Houston Rockets,130,Sacramento Kings,105,,17583,,0
2019-04-02,10:30p,Denver Nuggets,102,Golden State Warriors,116,,19596,,0
2019-04-03,8:30p,Minnesota Timberwolves,110,Dallas Mavericks,108,,19576,,0
2019-04-03,10:30p,Houston Rockets,135,Los Angeles Clippers,103,,17593,,0
2019-04-03,10:00p,Memphis Grizzlies,89,Portland Trail Blazers,116,,19608,,0
2019-04-03,10:00p,Utah Jazz,118,Phoenix Suns,97,,15797,,0
2019-04-03,9:00p,San Antonio Spurs,85,Denver Nuggets,113,,17643,,0
2019-04-03,8:00p,Charlotte Hornets,115,New Orleans Pelicans,109,,16844,,0
2019-04-03,7:00p,Chicago Bulls,115,Washington Wizards,114,,16616,,0
2019-04-03,7:30p,Toronto Raptors,115,Brooklyn Nets,105,,17732,,0
2019-04-03,7:30p,Philadelphia 76ers,122,Atlanta Hawks,130,,16638,,0
2019-04-03,7:00p,New York Knicks,100,Orlando Magic,114,,18846,,0
2019-04-03,7:00p,Indiana Pacers,108,Detroit Pistons,89,,18984,,0
2019-04-03,7:30p,Boston Celtics,112,Miami Heat,102,,19904,,0
2019-04-04,8:00p,Milwaukee Bucks,128,Philadelphia 76ers,122,,20701,,0
2019-04-04,10:00p,Cleveland Cavaliers,104,Sacramento Kings,117,,17583,,0
2019-04-04,10:30p,Golden State Warriors,108,Los Angeles Lakers,90,,18997,,0
2019-04-05,9:00p,Sacramento Kings,98,Utah Jazz,119,,18306,,0
2019-04-05,10:30p,Los Angeles Lakers,122,Los Angeles Clippers,117,,17910,,0
2019-04-05,10:30p,Cleveland Cavaliers,114,Golden State Warriors,120,,19596,,0
2019-04-05,10:30p,Portland Trail Blazers,110,Denver Nuggets,119,,19928,,0
2019-04-05,10:00p,New Orleans Pelicans,126,Phoenix Suns,133,OT,16410,,0
2019-04-05,8:30p,Memphis Grizzlies,122,Dallas Mavericks,112,,20111,,0
2019-04-05,8:00p,Detroit Pistons,110,Oklahoma City Thunder,123,,18203,,0
2019-04-05,8:00p,Miami Heat,109,Minnesota Timberwolves,111,,17763,,0
2019-04-05,8:00p,Boston Celtics,117,Indiana Pacers,97,,17371,,0
2019-04-05,8:00p,New York Knicks,96,Houston Rockets,120,,18055,,0
2019-04-05,7:00p,San Antonio Spurs,129,Washington Wizards,112,,20409,,0
2019-04-05,7:00p,Atlanta Hawks,113,Orlando Magic,149,,18999,,0
2019-04-05,7:00p,Toronto Raptors,111,Charlotte Hornets,113,,18684,,0
2019-04-06,5:00p,Brooklyn Nets,133,Milwaukee Bucks,128,,18116,,0
2019-04-06,8:00p,Philadelphia 76ers,116,Chicago Bulls,96,,21059,,0
2019-04-07,9:30p,Utah Jazz,109,Los Angeles Lakers,113,,18997,,0
2019-04-07,9:00p,New Orleans Pelicans,133,Sacramento Kings,129,,17583,,0
2019-04-07,9:00p,Denver Nuggets,108,Portland Trail Blazers,115,,19890,,0
2019-04-07,7:30p,Washington Wizards,110,New York Knicks,113,,19812,,0
2019-04-07,7:30p,Orlando Magic,116,Boston Celtics,108,,18624,,0
2019-04-07,7:00p,Atlanta Hawks,107,Milwaukee Bucks,115,,17775,,0
2019-04-07,8:30p,Los Angeles Clippers,104,Golden State Warriors,131,,19596,,0
2019-04-07,6:00p,Dallas Mavericks,129,Memphis Grizzlies,127,OT,16744,,0
2019-04-07,5:00p,Brooklyn Nets,108,Indiana Pacers,96,,16197,,0
2019-04-07,4:00p,Charlotte Hornets,104,Detroit Pistons,91,,19871,,0
2019-04-07,3:30p,Oklahoma City Thunder,132,Minnesota Timberwolves,126,,18978,,0
2019-04-07,3:00p,San Antonio Spurs,112,Cleveland Cavaliers,90,,19432,,0
2019-04-07,12:00p,Miami Heat,109,Toronto Raptors,117,OT,19800,,0
2019-04-07,7:00p,Phoenix Suns,113,Houston Rockets,149,,18055,,0
2019-04-09,10:30p,Portland Trail Blazers,104,Los Angeles Lakers,101,,18997,,0
2019-04-09,9:30p,Houston Rockets,111,Oklahoma City Thunder,112,,18203,,0
2019-04-09,9:00p,Denver Nuggets,108,Utah Jazz,118,,18306,,0
2019-04-09,8:30p,Phoenix Suns,109,Dallas Mavericks,120,,21041,,0
2019-04-09,8:00p,Golden State Warriors,112,New Orleans Pelicans,103,,17090,,0
2019-04-09,8:00p,New York Knicks,96,Chicago Bulls,86,,21350,,0
2019-04-09,7:30p,Philadelphia 76ers,99,Miami Heat,122,,20153,,0
2019-04-09,7:00p,Boston Celtics,116,Washington Wizards,110,,20409,,0
2019-04-09,7:00p,Memphis Grizzlies,93,Detroit Pistons,100,,19802,,0
2019-04-09,7:00p,Charlotte Hornets,124,Cleveland Cavaliers,97,,19432,,0
2019-04-09,8:00p,Toronto Raptors,120,Minnesota Timberwolves,100,,16119,,0
2019-04-10,8:00p,Chicago Bulls,109,Philadelphia 76ers,125,,20197,,0
2019-04-10,10:30p,Utah Jazz,137,Los Angeles Clippers,143,OT,17655,,0
2019-04-10,10:30p,Minnesota Timberwolves,95,Denver Nuggets,99,,16332,,0
2019-04-10,8:00p,Dallas Mavericks,94,San Antonio Spurs,105,,18629,,0
2019-04-10,8:00p,Detroit Pistons,115,New York Knicks,89,,19812,,0
2019-04-10,10:30p,Sacramento Kings,131,Portland Trail Blazers,136,,19814,,0
2019-04-10,8:00p,Golden State Warriors,117,Memphis Grizzlies,132,,17794,,0
2019-04-10,8:00p,Orlando Magic,122,Charlotte Hornets,114,,17719,,0
2019-04-10,8:00p,Miami Heat,94,Brooklyn Nets,113,,17732,,0
2019-04-10,8:00p,Indiana Pacers,135,Atlanta Hawks,134,,17143,,0
2019-04-10,8:00p,Oklahoma City Thunder,127,Milwaukee Bucks,116,,18082,,0
2019-04-13,2:30p,Brooklyn Nets,111,Philadelphia 76ers,102,,20437,,1
2019-04-13,5:00p,Orlando Magic,104,Toronto Raptors,101,,19937,,1
2019-04-13,8:00p,Los Angeles Clippers,104,Golden State Warriors,121,,19596,,1
2019-04-13,10:30p,San Antonio Spurs,101,Denver Nuggets,96,,19520,,1
2019-04-14,9:30p,Utah Jazz,90,Houston Rockets,122,,18055,,1
2019-04-14,7:00p,Detroit Pistons,86,Milwaukee Bucks,121,,17529,,1
2019-04-14,3:30p,Oklahoma City Thunder,99,Portland Trail Blazers,104,,19886,,1
2019-04-14,1:00p,Indiana Pacers,74,Boston Celtics,84,,18624,,1
2019-04-15,8:00p,Brooklyn Nets,123,Philadelphia 76ers,145,,20591,,1
2019-04-15,10:30p,Los Angeles Clippers,135,Golden State Warriors,131,,19596,,1
2019-04-16,8:00p,Orlando Magic,82,Toronto Raptors,111,,19964,,1
2019-04-16,9:00p,San Antonio Spurs,105,Denver Nuggets,114,,19520,,1
2019-04-16,10:30p,Oklahoma City Thunder,94,Portland Trail Blazers,114,,20041,,1
2019-04-17,7:00p,Indiana Pacers,91,Boston Celtics,99,,18624,,1
2019-04-17,8:00p,Detroit Pistons,99,Milwaukee Bucks,120,,17513,,1
2019-04-17,9:30p,Utah Jazz,98,Houston Rockets,118,,18055,,1
2019-04-18,10:30p,Golden State Warriors,132,Los Angeles Clippers,105,,19068,,1
2019-04-18,8:00p,Philadelphia 76ers,131,Brooklyn Nets,115,,17732,,1
2019-04-18,9:00p,Denver Nuggets,108,San Antonio Spurs,118,,18354,,1
2019-04-19,7:00p,Toronto Raptors,98,Orlando Magic,93,,19367,,1
2019-04-19,8:30p,Boston Celtics,104,Indiana Pacers,96,,17923,,1
2019-04-19,9:30p,Portland Trail Blazers,108,Oklahoma City Thunder,120,,18203,,1
2019-04-20,3:00p,Philadelphia 76ers,112,Brooklyn Nets,108,,17732,,1
2019-04-20,5:30p,Denver Nuggets,117,San Antonio Spurs,103,,18354,,1
2019-04-20,8:00p,Milwaukee Bucks,119,Detroit Pistons,103,,20520,,1
2019-04-20,10:30p,Houston Rockets,104,Utah Jazz,101,,18306,,1
2019-04-21,3:30p,Golden State Warriors,113,Los Angeles Clippers,105,,19068,,1
2019-04-21,9:30p,Portland Trail Blazers,111,Oklahoma City Thunder,98,,18203,,1
2019-04-21,1:00p,Boston Celtics,110,Indiana Pacers,106,,17923,,1
2019-04-21,7:00p,Toronto Raptors,107,Orlando Magic,85,,19087,,1
2019-04-22,8:00p,Milwaukee Bucks,127,Detroit Pistons,104,,20332,,1
2019-04-22,10:30p,Houston Rockets,91,Utah Jazz,107,,18306,,1
2019-04-23,9:30p,San Antonio Spurs,90,Denver Nuggets,108,,19520,,1
2019-04-23,7:00p,Orlando Magic,96,Toronto Raptors,115,,19800,,1
2019-04-23,8:00p,Brooklyn Nets,100,Philadelphia 76ers,122,,20595,,1
2019-04-23,10:30p,Oklahoma City Thunder,115,Portland Trail Blazers,118,,20241,,1
2019-04-24,8:00p,Utah Jazz,93,Houston Rockets,100,,18055,,1
2019-04-24,10:30p,Los Angeles Clippers,129,Golden State Warriors,121,,19596,,1
2019-04-25,8:00p,Denver Nuggets,103,San Antonio Spurs,120,,18354,,1
2019-04-26,10:00p,Golden State Warriors,129,Los Angeles Clippers,110,,19068,,1
2019-04-27,7:30p,Philadelphia 76ers,95,Toronto Raptors,108,,19800,,1
2019-04-27,10:00p,San Antonio Spurs,86,Denver Nuggets,90,,19725,,1
2019-04-28,1:00p,Boston Celtics,112,Milwaukee Bucks,90,,17561,,1
2019-04-28,3:30p,Houston Rockets,100,Golden State Warriors,104,,19596,,1
2019-04-29,8:00p,Philadelphia 76ers,94,Toronto Raptors,89,,19800,,1
2019-04-29,10:30p,Portland Trail Blazers,113,Denver Nuggets,121,,19520,,1
2019-04-30,8:00p,Boston Celtics,102,Milwaukee Bucks,123,,17536,,1
2019-04-30,10:30p,Houston Rockets,109,Golden State Warriors,115,,19596,,1
2019-05-01,9:00p,Portland Trail Blazers,97,Denver Nuggets,90,,19520,,1
2019-05-02,8:00p,Toronto Raptors,95,Philadelphia 76ers,116,,20658,,1
2019-05-03,8:00p,Milwaukee Bucks,123,Boston Celtics,116,,18624,,1
2019-05-03,10:30p,Denver Nuggets,137,Portland Trail Blazers,140,4OT,20193,,1
2019-05-04,8:30p,Golden State Warriors,121,Houston Rockets,126,OT,18169,,1
2019-05-05,3:30p,Toronto Raptors,101,Philadelphia 76ers,96,,20639,,1
2019-05-05,7:00p,Denver Nuggets,116,Portland Trail Blazers,112,,20146,,1
2019-05-06,7:00p,Milwaukee Bucks,113,Boston Celtics,101,,18624,,1
2019-05-06,9:30p,Golden State Warriors,108,Houston Rockets,112,,18055,,1
2019-05-07,8:00p,Philadelphia 76ers,89,Toronto Raptors,125,,20287,,1
2019-05-07,10:30p,Portland Trail Blazers,98,Denver Nuggets,124,,19520,,1
2019-05-08,10:30p,Houston Rockets,99,Golden State Warriors,104,,19596,,1
2019-05-08,8:00p,Boston Celtics,91,Milwaukee Bucks,116,,17701,,1
2019-05-09,8:00p,Toronto Raptors,101,Philadelphia 76ers,112,,20525,,1
2019-05-09,10:30p,Denver Nuggets,108,Portland Trail Blazers,119,,20022,,1
2019-05-10,9:00p,Golden State Warriors,118,Houston Rockets,113,,18055,,1
2019-05-12,3:30p,Portland Trail Blazers,100,Denver Nuggets,96,,19725,,1
2019-05-12,7:00p,Philadelphia 76ers,90,Toronto Raptors,92,,20917,,1
2019-05-14,9:00p,Portland Trail Blazers,94,Golden State Warriors,116,,19596,,1
2019-05-15,8:30p,Toronto Raptors,100,Milwaukee Bucks,108,,17345,,1
2019-05-16,9:00p,Portland Trail Blazers,111,Golden State Warriors,114,,19596,,1
2019-05-17,8:30p,Toronto Raptors,103,Milwaukee Bucks,125,,17570,,1
2019-05-18,9:00p,Golden State Warriors,110,Portland Trail Blazers,99,,20214,,1
2019-05-19,7:00p,Milwaukee Bucks,112,Toronto Raptors,118,2OT,19923,,1
2019-05-20,9:00p,Golden State Warriors,119,Portland Trail Blazers,117,OT,20064,,1
2019-05-21,8:30p,Milwaukee Bucks,102,Toronto Raptors,120,,20237,,1
2019-05-23,8:30p,Toronto Raptors,105,Milwaukee Bucks,99,,17384,,1
2019-05-25,8:30p,Milwaukee Bucks,94,Toronto Raptors,100,,20478,,1
2019-05-30,9:00p,Golden State Warriors,109,Toronto Raptors,118,,19983,,1
2019-06-02,8:00p,Golden State Warriors,109,Toronto Raptors,104,,20014,,1
2019-06-05,9:00p,Toronto Raptors,123,Golden State Warriors,109,,19596,,1
2019-06-07,9:00p,Toronto Raptors,105,Golden State Warriors,92,,19596,,1
2019-06-10,9:00p,Golden State Warriors,106,Toronto Raptors,105,,20144,,1
2019-06-13,9:00p,Toronto Raptors,114,Golden State Warriors,110,,19596,,1
