,Position,Name + ID,Name,ID,Roster Position,Salary,Game Info,TeamAbbrev,AvgPointsPerGame
0,PF/C,Giannis Antetokounmpo (20333809),Giannis Antetokounmpo,20333809,PF/C/F/UTIL,12200,DET@MIL 11/24/2021 08:00PM ET,MIL,56.84
1,PG,James Harden (20333813),James Harden,20333813,PG/G/UTIL,11700,BKN@BOS 11/24/2021 07:30PM ET,BKN,48.43
2,PG,Stephen Curry (20333816),Stephen Curry,20333816,PG/G/UTIL,11400,PHI@GSW 11/24/2021 10:00PM ET,GSW,52.0
3,SF/PF,Kevin Durant (20333819),Kevin Durant,20333819,SF/PF/F/UTIL,11200,BKN@BOS 11/24/2021 07:30PM ET,BKN,48.29
4,PF/C,Anthony Davis (20333823),Anthony Davis,20333823,PF/C/F/UTIL,11000,LAL@IND 11/24/2021 07:00PM ET,LAL,48.2
5,PG/SF,LeBron James (20333827),LeBron James,20333827,PG/SF/F/G/UTIL,10800,LAL@IND 11/24/2021 07:00PM ET,LAL,43.25
6,PG/SG,LaMelo Ball (20333832),LaMelo Ball,20333832,PG/SG/G/UTIL,10700,CHA@ORL 11/24/2021 07:00PM ET,CHA,46.79
7,C,Joel Embiid (20333836),Joel Embiid,20333836,C/UTIL,10400,PHI@GSW 11/24/2021 10:00PM ET,PHI,43.61
8,PG,Russell Westbrook (20333838),Russell Westbrook,20333838,PG/G/UTIL,10300,LAL@IND 11/24/2021 07:00PM ET,LAL,46.33
9,SF/PF,Jayson Tatum (20333841),Jayson Tatum,20333841,SF/PF/F/UTIL,10100,BKN@BOS 11/24/2021 07:30PM ET,BOS,45.89
10,SF,Jimmy Butler (20333845),Jimmy Butler,20333845,SF/F/UTIL,10000,MIA@MIN 11/24/2021 08:00PM ET,MIA,44.12
11,C,Zion Williamson (20333848),Zion Williamson,20333848,C/UTIL,9900,WAS@NOP 11/24/2021 08:00PM ET,NOP,0.0
12,PG,Ja Morant (20333850),Ja Morant,20333850,PG/G/UTIL,9800,TOR@MEM 11/24/2021 08:00PM ET,MEM,46.52
13,PG,Damian Lillard (20333853),Damian Lillard,20333853,PG/G/UTIL,9700,POR@SAC 11/24/2021 10:00PM ET,POR,41.43
14,PG,Dejounte Murray (20333856),Dejounte Murray,20333856,PG/G/UTIL,9600,ATL@SAS 11/24/2021 08:30PM ET,SAS,46.09
15,PG,Trae Young (20333859),Trae Young,20333859,PG/G/UTIL,9500,ATL@SAS 11/24/2021 08:30PM ET,ATL,44.83
16,C,Karl-Anthony Towns (20333862),Karl-Anthony Towns,20333862,C/UTIL,9400,MIA@MIN 11/24/2021 08:00PM ET,MIN,45.38
17,PG/SG,Bradley Beal (20333864),Bradley Beal,20333864,PG/SG/G/UTIL,9300,WAS@NOP 11/24/2021 08:00PM ET,WAS,41.34
18,PF,DeMar DeRozan (20333868),DeMar DeRozan,20333868,PF/F/UTIL,9200,CHI@HOU 11/24/2021 08:00PM ET,CHI,41.29
19,SG/SF,Jaylen Brown (20333871),Jaylen Brown,20333871,SG/SF/F/G/UTIL,9100,BKN@BOS 11/24/2021 07:30PM ET,BOS,39.06
20,SG/SF,Zach LaVine (20333876),Zach LaVine,20333876,SG/SF/F/G/UTIL,9000,CHI@HOU 11/24/2021 08:00PM ET,CHI,39.92
21,C,Jonas Valanciunas (20333881),Jonas Valanciunas,20333881,C/UTIL,8900,WAS@NOP 11/24/2021 08:00PM ET,NOP,41.97
22,C,Nikola Vucevic (20333883),Nikola Vucevic,20333883,C/UTIL,8800,CHI@HOU 11/24/2021 08:00PM ET,CHI,38.64
23,C,Rudy Gobert (20333885),Rudy Gobert,20333885,C/UTIL,8700,UTA@OKC 11/24/2021 08:00PM ET,UTA,41.82
24,PG/SG,Devin Booker (20333887),Devin Booker,20333887,PG/SG/G/UTIL,8600,PHX@CLE 11/24/2021 07:00PM ET,PHX,38.9
25,PF/C,Domantas Sabonis (20333891),Domantas Sabonis,20333891,PF/C/F/UTIL,8500,LAL@IND 11/24/2021 07:00PM ET,IND,40.51
26,C,Bam Adebayo (20333895),Bam Adebayo,20333895,C/UTIL,8400,MIA@MIN 11/24/2021 08:00PM ET,MIA,39.0
27,PG/SG,Donovan Mitchell (20333897),Donovan Mitchell,20333897,PG/SG/G/UTIL,8300,UTA@OKC 11/24/2021 08:00PM ET,UTA,40.97
28,C,Andre Drummond (20333901),Andre Drummond,20333901,C/UTIL,8200,PHI@GSW 11/24/2021 10:00PM ET,PHI,28.75
29,PG,Kyrie Irving (20333907),Kyrie Irving,20333907,PG/G/UTIL,8100,BKN@BOS 11/24/2021 07:30PM ET,BKN,0.0
30,PF/C,Pascal Siakam (20333903),Pascal Siakam,20333903,PF/C/F/UTIL,8100,TOR@MEM 11/24/2021 08:00PM ET,TOR,34.93
31,PG,Chris Paul (20333913),Chris Paul,20333913,PG/G/UTIL,8000,PHX@CLE 11/24/2021 07:00PM ET,PHX,39.5
32,PF,Tobias Harris (20333910),Tobias Harris,20333910,PF/F/UTIL,8000,PHI@GSW 11/24/2021 10:00PM ET,PHI,38.7
33,PG/SG,Fred VanVleet (20333920),Fred VanVleet,20333920,PG/SG/G/UTIL,7800,TOR@MEM 11/24/2021 08:00PM ET,TOR,40.16
34,SF/PF,Miles Bridges (20333916),Miles Bridges,20333916,SF/PF/F/UTIL,7800,CHA@ORL 11/24/2021 07:00PM ET,CHA,39.93
35,PG,Cole Anthony (20333929),Cole Anthony,20333929,PG/G/UTIL,7700,CHA@ORL 11/24/2021 07:00PM ET,ORL,39.94
36,SG/SF,Brandon Ingram (20333924),Brandon Ingram,20333924,SG/SF/F/G/UTIL,7700,WAS@NOP 11/24/2021 08:00PM ET,NOP,36.98
37,PG/SF,Ben Simmons (20333939),Ben Simmons,20333939,PG/SF/F/G/UTIL,7600,PHI@GSW 11/24/2021 10:00PM ET,PHI,0.0
38,PG,Malcolm Brogdon (20333948),Malcolm Brogdon,20333948,PG/G/UTIL,7600,LAL@IND 11/24/2021 07:00PM ET,IND,40.45
39,PG/SG,CJ McCollum (20333932),CJ McCollum,20333932,PG/SG/G/UTIL,7600,POR@SAC 11/24/2021 10:00PM ET,POR,37.07
40,PG,De'Aaron Fox (20333936),De'Aaron Fox,20333936,PG/G/UTIL,7600,POR@SAC 11/24/2021 10:00PM ET,SAC,35.24
41,PG/SG,Cade Cunningham (20333944),Cade Cunningham,20333944,PG/SG/G/UTIL,7600,DET@MIL 11/24/2021 08:00PM ET,DET,31.6
42,PG,Kyle Lowry (20333951),Kyle Lowry,20333951,PG/G/UTIL,7600,MIA@MIN 11/24/2021 08:00PM ET,MIA,32.77
43,PG/SG,Darius Garland (20333954),Darius Garland,20333954,PG/SG/G/UTIL,7500,PHX@CLE 11/24/2021 07:00PM ET,CLE,34.12
44,PG,Tyrese Maxey (20333958),Tyrese Maxey,20333958,PG/G/UTIL,7500,PHI@GSW 11/24/2021 10:00PM ET,PHI,33.0
45,SF,Khris Middleton (20333965),Khris Middleton,20333965,SF/F/UTIL,7500,DET@MIL 11/24/2021 08:00PM ET,MIL,33.7
46,PG/SG,Tyler Herro (20333961),Tyler Herro,20333961,PG/SG/G/UTIL,7500,MIA@MIN 11/24/2021 08:00PM ET,MIA,36.24
47,C,Deandre Ayton (20333968),Deandre Ayton,20333968,C/UTIL,7400,PHX@CLE 11/24/2021 07:00PM ET,PHX,36.73
48,C,Jarrett Allen (20333980),Jarrett Allen,20333980,C/UTIL,7400,PHX@CLE 11/24/2021 07:00PM ET,CLE,35.17
49,SG/SF,Andrew Wiggins (20333972),Andrew Wiggins,20333972,SG/SF/F/G/UTIL,7400,PHI@GSW 11/24/2021 10:00PM ET,GSW,29.43
50,C,Christian Wood (20333987),Christian Wood,20333987,C/UTIL,7400,CHI@HOU 11/24/2021 08:00PM ET,HOU,35.82
51,SG/SF,Anthony Edwards (20333982),Anthony Edwards,20333982,SG/SF/F/G/UTIL,7400,MIA@MIN 11/24/2021 08:00PM ET,MIN,39.06
52,PG,Shai Gilgeous-Alexander (20333977),Shai Gilgeous-Alexander,20333977,PG/G/UTIL,7400,UTA@OKC 11/24/2021 08:00PM ET,OKC,36.14
53,C,Clint Capela (20333970),Clint Capela,20333970,C/UTIL,7400,ATL@SAS 11/24/2021 08:30PM ET,ATL,32.57
54,PF/C,Al Horford (20333989),Al Horford,20333989,PF/C/F/UTIL,7300,BKN@BOS 11/24/2021 07:30PM ET,BOS,35.6
55,PG/SG,D'Angelo Russell (20333993),D'Angelo Russell,20333993,PG/SG/G/UTIL,7300,MIA@MIN 11/24/2021 08:00PM ET,MIN,34.33
56,SF/PF,OG Anunoby (20333997),OG Anunoby,20333997,SF/PF/F/UTIL,7200,TOR@MEM 11/24/2021 08:00PM ET,TOR,35.88
57,PF/C,John Collins (20334001),John Collins,20334001,PF/C/F/UTIL,7200,ATL@SAS 11/24/2021 08:30PM ET,ATL,34.74
58,PG/SG,Jordan Poole (20334005),Jordan Poole,20334005,PG/SG/G/UTIL,7100,PHI@GSW 11/24/2021 10:00PM ET,GSW,29.78
59,PF/C,Evan Mobley (20334012),Evan Mobley,20334012,PF/C/F/UTIL,7000,PHX@CLE 11/24/2021 07:00PM ET,CLE,33.27
60,PG,John Wall (20334009),John Wall,20334009,PG/G/UTIL,7000,CHI@HOU 11/24/2021 08:00PM ET,HOU,0.0
61,PF/C,Bobby Portis (20334016),Bobby Portis,20334016,PF/C/F/UTIL,7000,DET@MIL 11/24/2021 08:00PM ET,MIL,31.35
62,PF,Jerami Grant (20334020),Jerami Grant,20334020,PF/F/UTIL,7000,DET@MIL 11/24/2021 08:00PM ET,DET,33.23
63,PG,Spencer Dinwiddie (20334023),Spencer Dinwiddie,20334023,PG/G/UTIL,7000,WAS@NOP 11/24/2021 08:00PM ET,WAS,31.1
64,PG,Jrue Holiday (20334026),Jrue Holiday,20334026,PG/G/UTIL,6900,DET@MIL 11/24/2021 08:00PM ET,MIL,30.52
65,PG,Ricky Rubio (20334029),Ricky Rubio,20334029,PG/G/UTIL,6800,PHX@CLE 11/24/2021 07:00PM ET,CLE,31.9
66,PG,Lonzo Ball (20334032),Lonzo Ball,20334032,PG/G/UTIL,6800,CHI@HOU 11/24/2021 08:00PM ET,CHI,30.68
67,PF/C,Draymond Green (20334039),Draymond Green,20334039,PF/C/F/UTIL,6700,PHI@GSW 11/24/2021 10:00PM ET,GSW,31.95
68,SF/PF,Gordon Hayward (20334035),Gordon Hayward,20334035,SF/PF/F/UTIL,6700,CHA@ORL 11/24/2021 07:00PM ET,CHA,31.71
69,SF/PF,Scottie Barnes (20334043),Scottie Barnes,20334043,SF/PF/F/UTIL,6600,TOR@MEM 11/24/2021 08:00PM ET,TOR,32.69
70,SG/SF,Josh Giddey (20334047),Josh Giddey,20334047,SG/SF/F/G/UTIL,6600,UTA@OKC 11/24/2021 08:00PM ET,OKC,30.74
71,C,Montrezl Harrell (20334052),Montrezl Harrell,20334052,C/UTIL,6500,WAS@NOP 11/24/2021 08:00PM ET,WAS,35.02
72,PG/SG,Dennis Schroder (20334060),Dennis Schroder,20334060,PG/SG/G/UTIL,6400,BKN@BOS 11/24/2021 07:30PM ET,BOS,31.5
73,C,Mo Bamba (20334054),Mo Bamba,20334054,C/UTIL,6400,CHA@ORL 11/24/2021 07:00PM ET,ORL,31.76
74,SF/PF,Kyle Kuzma (20334056),Kyle Kuzma,20334056,SF/PF/F/UTIL,6400,WAS@NOP 11/24/2021 08:00PM ET,WAS,32.47
75,PF/C,Jaren Jackson Jr. (20334064),Jaren Jackson Jr.,20334064,PF/C/F/UTIL,6300,TOR@MEM 11/24/2021 08:00PM ET,MEM,29.71
76,SF/PF,Saddiq Bey (20334072),Saddiq Bey,20334072,SF/PF/F/UTIL,6300,DET@MIL 11/24/2021 08:00PM ET,DET,28.6
77,PG/SG,Terry Rozier (20334068),Terry Rozier,20334068,PG/SG/G/UTIL,6300,CHA@ORL 11/24/2021 07:00PM ET,CHA,28.23
78,C,Jusuf Nurkic (20334076),Jusuf Nurkic,20334076,C/UTIL,6200,POR@SAC 11/24/2021 10:00PM ET,POR,31.18
79,SF/PF,Harrison Barnes (20334078),Harrison Barnes,20334078,SF/PF/F/UTIL,6200,POR@SAC 11/24/2021 10:00PM ET,SAC,35.04
80,C,Richaun Holmes (20334082),Richaun Holmes,20334082,C/UTIL,6100,POR@SAC 11/24/2021 10:00PM ET,SAC,30.99
81,SG/SF,Gary Trent Jr. (20334090),Gary Trent Jr.,20334090,SG/SF/F/G/UTIL,6100,TOR@MEM 11/24/2021 08:00PM ET,TOR,29.32
82,PG,Victor Oladipo (20334087),Victor Oladipo,20334087,PG/G/UTIL,6100,MIA@MIN 11/24/2021 08:00PM ET,MIA,0.0
83,PG,Devonte' Graham (20334084),Devonte' Graham,20334084,PG/G/UTIL,6100,WAS@NOP 11/24/2021 08:00PM ET,NOP,29.48
84,C,Myles Turner (20334095),Myles Turner,20334095,C/UTIL,6000,LAL@IND 11/24/2021 07:00PM ET,IND,31.49
85,PG,Kevin Porter Jr. (20334104),Kevin Porter Jr.,20334104,PG/G/UTIL,5900,CHI@HOU 11/24/2021 08:00PM ET,HOU,27.79
86,PG,Mike Conley (20334101),Mike Conley,20334101,PG/G/UTIL,5900,UTA@OKC 11/24/2021 08:00PM ET,UTA,28.05
87,SF/PF,Josh Hart (20334097),Josh Hart,20334097,SF/PF/F/UTIL,5900,WAS@NOP 11/24/2021 08:00PM ET,NOP,27.38
88,SG/SF,Cedi Osman (20334114),Cedi Osman,20334114,SG/SF/F/G/UTIL,5800,PHX@CLE 11/24/2021 07:00PM ET,CLE,19.15
89,SG,Klay Thompson (20334111),Klay Thompson,20334111,SG/G/UTIL,5800,PHI@GSW 11/24/2021 10:00PM ET,GSW,0.0
90,PG/SG,Tyrese Haliburton (20334107),Tyrese Haliburton,20334107,PG/SG/G/UTIL,5800,POR@SAC 11/24/2021 10:00PM ET,SAC,29.41
91,PG,Collin Sexton (20334124),Collin Sexton,20334124,PG/G/UTIL,5700,PHX@CLE 11/24/2021 07:00PM ET,CLE,24.14
92,SF,Dillon Brooks (20334121),Dillon Brooks,20334121,SF/F/UTIL,5700,TOR@MEM 11/24/2021 08:00PM ET,MEM,29.62
93,C,Jakob Poeltl (20334119),Jakob Poeltl,20334119,C/UTIL,5700,ATL@SAS 11/24/2021 08:30PM ET,SAS,30.19
94,C,Robert Williams (20334132),Robert Williams,20334132,C/UTIL,5600,BKN@BOS 11/24/2021 07:30PM ET,BOS,29.02
95,SG/SF,Buddy Hield (20334127),Buddy Hield,20334127,SG/SF/F/G/UTIL,5600,POR@SAC 11/24/2021 10:00PM ET,SAC,28.49
96,PF/C,Kevin Love (20334140),Kevin Love,20334140,PF/C/F/UTIL,5500,PHX@CLE 11/24/2021 07:00PM ET,CLE,24.62
97,PG/SG,Caris LeVert (20334144),Caris LeVert,20334144,PG/SG/G/UTIL,5500,LAL@IND 11/24/2021 07:00PM ET,IND,24.89
98,SG/SF,Talen Horton-Tucker (20334148),Talen Horton-Tucker,20334148,SG/SF/F/G/UTIL,5500,LAL@IND 11/24/2021 07:00PM ET,LAL,27.0
99,SG,Desmond Bane (20334156),Desmond Bane,20334156,SG/G/UTIL,5500,TOR@MEM 11/24/2021 08:00PM ET,MEM,26.25
100,C,Brook Lopez (20334134),Brook Lopez,20334134,C/UTIL,5500,DET@MIL 11/24/2021 08:00PM ET,MIL,23.25
101,PF/C,Wendell Carter Jr. (20334136),Wendell Carter Jr.,20334136,PF/C/F/UTIL,5500,CHA@ORL 11/24/2021 07:00PM ET,ORL,30.51
102,PF,Keldon Johnson (20334153),Keldon Johnson,20334153,PF/F/UTIL,5500,ATL@SAS 11/24/2021 08:30PM ET,SAS,28.23
103,PG/SG,Marcus Smart (20334171),Marcus Smart,20334171,PG/SG/G/UTIL,5400,BKN@BOS 11/24/2021 07:30PM ET,BOS,27.54
104,SF/PF,Lauri Markkanen (20334159),Lauri Markkanen,20334159,SF/PF/F/UTIL,5400,PHX@CLE 11/24/2021 07:00PM ET,CLE,28.19
105,PG/SG,Alex Caruso (20334167),Alex Caruso,20334167,PG/SG/G/UTIL,5400,CHI@HOU 11/24/2021 08:00PM ET,CHI,23.59
106,SF,Norman Powell (20334175),Norman Powell,20334175,SF/F/UTIL,5400,POR@SAC 11/24/2021 10:00PM ET,POR,25.52
107,SF/PF,Bojan Bogdanovic (20334163),Bojan Bogdanovic,20334163,SF/PF/F/UTIL,5400,UTA@OKC 11/24/2021 08:00PM ET,UTA,26.41
108,C,LaMarcus Aldridge (20334178),LaMarcus Aldridge,20334178,C/UTIL,5300,BKN@BOS 11/24/2021 07:30PM ET,BKN,24.88
109,PG/SG,Nickeil Alexander-Walker (20334184),Nickeil Alexander-Walker,20334184,PG/SG/G/UTIL,5300,WAS@NOP 11/24/2021 08:00PM ET,NOP,27.37
110,PG/SG,Derrick White (20334180),Derrick White,20334180,PG/SG/G/UTIL,5300,ATL@SAS 11/24/2021 08:30PM ET,SAS,27.19
111,C,Frank Kaminsky (20334188),Frank Kaminsky,20334188,C/UTIL,5200,PHX@CLE 11/24/2021 07:00PM ET,PHX,21.75
112,SG/SF,Mikal Bridges (20334196),Mikal Bridges,20334196,SG/SF/F/G/UTIL,5100,PHX@CLE 11/24/2021 07:00PM ET,PHX,24.4
113,C,Kelly Olynyk (20334190),Kelly Olynyk,20334190,C/UTIL,5100,DET@MIL 11/24/2021 08:00PM ET,DET,26.88
114,PG,Patrick Beverley (20334206),Patrick Beverley,20334206,PG/G/UTIL,5100,MIA@MIN 11/24/2021 08:00PM ET,MIN,25.63
115,PG/SG,Jordan Clarkson (20334192),Jordan Clarkson,20334192,PG/SG/G/UTIL,5100,UTA@OKC 11/24/2021 08:00PM ET,UTA,24.16
116,SG/SF,Luguentz Dort (20334201),Luguentz Dort,20334201,SG/SF/F/G/UTIL,5100,UTA@OKC 11/24/2021 08:00PM ET,OKC,27.06
117,SG,Seth Curry (20334218),Seth Curry,20334218,SG/G/UTIL,5000,PHI@GSW 11/24/2021 10:00PM ET,PHI,25.39
118,PF,Carmelo Anthony (20334215),Carmelo Anthony,20334215,PF/F/UTIL,5000,LAL@IND 11/24/2021 07:00PM ET,LAL,25.25
119,PG,Donte DiVincenzo (20334212),Donte DiVincenzo,20334212,PG/G/UTIL,5000,DET@MIL 11/24/2021 08:00PM ET,MIL,0.0
120,SG/SF,Duncan Robinson (20334221),Duncan Robinson,20334221,SG/SF/F/G/UTIL,5000,MIA@MIN 11/24/2021 08:00PM ET,MIA,21.07
121,PG,Markelle Fultz (20334209),Markelle Fultz,20334209,PG/G/UTIL,5000,CHA@ORL 11/24/2021 07:00PM ET,ORL,0.0
122,SF/PF,Dean Wade (20334230),Dean Wade,20334230,SF/PF/F/UTIL,4900,PHX@CLE 11/24/2021 07:00PM ET,CLE,13.47
123,SF/PF,Jae'Sean Tate (20334226),Jae'Sean Tate,20334226,SF/PF/F/UTIL,4900,CHI@HOU 11/24/2021 08:00PM ET,HOU,24.82
124,SG/SF,Grayson Allen (20334242),Grayson Allen,20334242,SG/SF/F/G/UTIL,4900,DET@MIL 11/24/2021 08:00PM ET,MIL,25.35
125,PF/C,PJ Washington (20334234),PJ Washington,20334234,PF/C/F/UTIL,4900,CHA@ORL 11/24/2021 07:00PM ET,CHA,20.89
126,PG/SG,R.J. Hampton (20334238),R.J. Hampton,20334238,PG/SG/G/UTIL,4900,CHA@ORL 11/24/2021 07:00PM ET,ORL,17.11
127,PG/SG,Shake Milton (20334251),Shake Milton,20334251,PG/SG/G/UTIL,4800,PHI@GSW 11/24/2021 10:00PM ET,PHI,22.12
128,SG,Eric Gordon (20334255),Eric Gordon,20334255,SG/G/UTIL,4800,CHI@HOU 11/24/2021 08:00PM ET,HOU,21.71
129,SG/SF,Pat Connaughton (20334262),Pat Connaughton,20334262,SG/SF/F/G/UTIL,4800,DET@MIL 11/24/2021 08:00PM ET,MIL,23.89
130,PG/SG,Jalen Suggs (20334258),Jalen Suggs,20334258,PG/SG/G/UTIL,4800,CHA@ORL 11/24/2021 07:00PM ET,ORL,22.88
131,PF/C,Darius Bazley (20334247),Darius Bazley,20334247,PF/C/F/UTIL,4800,UTA@OKC 11/24/2021 08:00PM ET,OKC,23.75
132,PG/SG,Patty Mills (20334271),Patty Mills,20334271,PG/SG/G/UTIL,4700,BKN@BOS 11/24/2021 07:30PM ET,BKN,20.4
133,SG/SF,Isaac Okoro (20334284),Isaac Okoro,20334284,SG/SF/F/G/UTIL,4700,PHX@CLE 11/24/2021 07:00PM ET,CLE,18.48
134,SF/PF,Georges Niang (20334289),Georges Niang,20334289,SF/PF/F/UTIL,4700,PHI@GSW 11/24/2021 10:00PM ET,PHI,20.67
135,C,Mason Plumlee (20334267),Mason Plumlee,20334267,C/UTIL,4700,CHA@ORL 11/24/2021 07:00PM ET,CHA,23.41
136,C,Rui Hachimura (20334269),Rui Hachimura,20334269,C/UTIL,4700,WAS@NOP 11/24/2021 08:00PM ET,WAS,0.0
137,PG/SG,Bogdan Bogdanovic (20334275),Bogdan Bogdanovic,20334275,PG/SG/G/UTIL,4700,ATL@SAS 11/24/2021 08:30PM ET,ATL,22.06
138,SG/SF,Devin Vassell (20334279),Devin Vassell,20334279,SG/SF/F/G/UTIL,4700,ATL@SAS 11/24/2021 08:30PM ET,SAS,24.17
139,PG,T.J. McConnell (20334308),T.J. McConnell,20334308,PG/G/UTIL,4600,LAL@IND 11/24/2021 07:00PM ET,IND,23.26
140,SF/PF,Kyle Anderson (20334295),Kyle Anderson,20334295,SF/PF/F/UTIL,4600,TOR@MEM 11/24/2021 08:00PM ET,MEM,21.48
141,PF/C,Jarred Vanderbilt (20334299),Jarred Vanderbilt,20334299,PF/C/F/UTIL,4600,MIA@MIN 11/24/2021 08:00PM ET,MIN,19.46
142,C,Thomas Bryant (20334293),Thomas Bryant,20334293,C/UTIL,4600,WAS@NOP 11/24/2021 08:00PM ET,WAS,0.0
143,SG/SF,Kevin Huerter (20334303),Kevin Huerter,20334303,SG/SF/F/G/UTIL,4600,ATL@SAS 11/24/2021 08:30PM ET,ATL,18.82
144,SG/SF,Furkan Korkmaz (20334317),Furkan Korkmaz,20334317,SG/SF/F/G/UTIL,4500,PHI@GSW 11/24/2021 10:00PM ET,PHI,20.78
145,PG/SG,Jalen Green (20334313),Jalen Green,20334313,PG/SG/G/UTIL,4500,CHI@HOU 11/24/2021 08:00PM ET,HOU,23.0
146,C,Isaiah Stewart (20334311),Isaiah Stewart,20334311,C/UTIL,4500,DET@MIL 11/24/2021 08:00PM ET,DET,20.52
147,C,Steven Adams (20334322),Steven Adams,20334322,C/UTIL,4400,TOR@MEM 11/24/2021 08:00PM ET,MEM,24.47
148,PG,Cory Joseph (20334324),Cory Joseph,20334324,PG/G/UTIL,4400,DET@MIL 11/24/2021 08:00PM ET,DET,16.81
149,SF,Michael Carter-Williams (20334330),Michael Carter-Williams,20334330,SF/F/UTIL,4400,CHA@ORL 11/24/2021 07:00PM ET,ORL,0.0
150,PF,Danilo Gallinari (20334327),Danilo Gallinari,20334327,PF/F/UTIL,4400,ATL@SAS 11/24/2021 08:30PM ET,ATL,16.18
151,SG/SF,Joe Harris (20334354),Joe Harris,20334354,SG/SF/F/G/UTIL,4300,BKN@BOS 11/24/2021 07:30PM ET,BKN,20.11
152,C,James Wiseman (20334333),James Wiseman,20334333,C/UTIL,4300,PHI@GSW 11/24/2021 10:00PM ET,GSW,0.0
153,C,Alperen Sengun (20334338),Alperen Sengun,20334338,C/UTIL,4300,CHI@HOU 11/24/2021 08:00PM ET,HOU,21.23
154,PF,T.J. Warren (20334335),T.J. Warren,20334335,PF/F/UTIL,4300,LAL@IND 11/24/2021 07:00PM ET,IND,0.0
155,PF/C,Robert Covington (20334364),Robert Covington,20334364,PF/C/F/UTIL,4300,POR@SAC 11/24/2021 10:00PM ET,POR,19.97
156,SG/SF,Kelly Oubre Jr. (20334349),Kelly Oubre Jr.,20334349,SG/SF/F/G/UTIL,4300,CHA@ORL 11/24/2021 07:00PM ET,CHA,22.71
157,PF/C,Jeremiah Robinson-Earl (20334340),Jeremiah Robinson-Earl,20334340,PF/C/F/UTIL,4300,UTA@OKC 11/24/2021 08:00PM ET,OKC,17.07
158,PF,Royce O'Neale (20334359),Royce O'Neale,20334359,PF/F/UTIL,4300,UTA@OKC 11/24/2021 08:00PM ET,UTA,21.35
159,SG/SF,Kentavious Caldwell-Pope (20334344),Kentavious Caldwell-Pope,20334344,SG/SF/F/G/UTIL,4300,WAS@NOP 11/24/2021 08:00PM ET,WAS,20.93
160,C,Guillermo Hernangomez (20334362),Guillermo Hernangomez,20334362,C/UTIL,4300,WAS@NOP 11/24/2021 08:00PM ET,NOP,16.12
161,PF,James Johnson (20334370),James Johnson,20334370,PF/F/UTIL,4200,BKN@BOS 11/24/2021 07:30PM ET,BKN,11.3
162,PF,Marvin Bagley III (20334373),Marvin Bagley III,20334373,PF/F/UTIL,4200,POR@SAC 11/24/2021 10:00PM ET,SAC,10.35
163,C,Precious Achiuwa (20334376),Precious Achiuwa,20334376,C/UTIL,4200,TOR@MEM 11/24/2021 08:00PM ET,TOR,22.87
164,PF/C,P.J. Tucker (20334378),P.J. Tucker,20334378,PF/C/F/UTIL,4200,MIA@MIN 11/24/2021 08:00PM ET,MIA,18.81
165,C,Daniel Gafford (20334368),Daniel Gafford,20334368,C/UTIL,4200,WAS@NOP 11/24/2021 08:00PM ET,WAS,20.14
166,SG/SF,Bruce Brown (20334394),Bruce Brown,20334394,SG/SF/F/G/UTIL,4100,BKN@BOS 11/24/2021 07:30PM ET,BKN,18.64
167,PF,Jae Crowder (20334399),Jae Crowder,20334399,PF/F/UTIL,4100,PHX@CLE 11/24/2021 07:00PM ET,PHX,20.87
168,C,Kevon Looney (20334382),Kevon Looney,20334382,C/UTIL,4100,PHI@GSW 11/24/2021 10:00PM ET,GSW,18.04
169,PG/SG,Coby White (20334390),Coby White,20334390,PG/SG/G/UTIL,4100,CHI@HOU 11/24/2021 08:00PM ET,CHI,8.15
170,SG,Chris Duarte (20334405),Chris Duarte,20334405,SG/G/UTIL,4100,LAL@IND 11/24/2021 07:00PM ET,IND,23.84
171,PF,Chimezie Metu (20334402),Chimezie Metu,20334402,PF/F/UTIL,4100,POR@SAC 11/24/2021 10:00PM ET,SAC,20.47
172,PF/C,Larry Nance Jr. (20334408),Larry Nance Jr.,20334408,PF/C/F/UTIL,4100,POR@SAC 11/24/2021 10:00PM ET,POR,17.58
173,C,Hassan Whiteside (20334384),Hassan Whiteside,20334384,C/UTIL,4100,UTA@OKC 11/24/2021 08:00PM ET,UTA,20.03
174,PF/C,Thaddeus Young (20334386),Thaddeus Young,20334386,PF/C/F/UTIL,4100,ATL@SAS 11/24/2021 08:30PM ET,SAS,20.0
175,C,JaVale McGee (20334415),JaVale McGee,20334415,C/UTIL,4000,PHX@CLE 11/24/2021 07:00PM ET,PHX,21.34
176,PG/SG,Gary Payton II (20334425),Gary Payton II,20334425,PG/SG/G/UTIL,4000,PHI@GSW 11/24/2021 10:00PM ET,GSW,14.7
177,SF/PF,Nassir Little (20334438),Nassir Little,20334438,SF/PF/F/UTIL,4000,POR@SAC 11/24/2021 10:00PM ET,POR,19.17
178,PF/C,Chris Boucher (20334417),Chris Boucher,20334417,PF/C/F/UTIL,4000,TOR@MEM 11/24/2021 08:00PM ET,TOR,14.53
179,PG/SG,Frank Jackson (20334421),Frank Jackson,20334421,PG/SG/G/UTIL,4000,DET@MIL 11/24/2021 08:00PM ET,DET,14.29
180,SF/PF,Chuma Okeke (20334434),Chuma Okeke,20334434,SF/PF/F/UTIL,4000,CHA@ORL 11/24/2021 07:00PM ET,ORL,16.0
181,SG/SF,Joe Ingles (20334429),Joe Ingles,20334429,SG/SF/F/G/UTIL,4000,UTA@OKC 11/24/2021 08:00PM ET,UTA,17.66
182,PF,De'Andre Hunter (20334412),De'Andre Hunter,20334412,PF/F/UTIL,4000,ATL@SAS 11/24/2021 08:30PM ET,ATL,17.04
183,SG,Malik Monk (20334451),Malik Monk,20334451,SG/G/UTIL,3900,LAL@IND 11/24/2021 07:00PM ET,LAL,16.7
184,PG,Killian Hayes (20334448),Killian Hayes,20334448,PG/G/UTIL,3900,DET@MIL 11/24/2021 08:00PM ET,DET,18.84
185,SG,Malik Beasley (20334454),Malik Beasley,20334454,SG/G/UTIL,3900,MIA@MIN 11/24/2021 08:00PM ET,MIN,17.98
186,SF/PF,Franz Wagner (20334444),Franz Wagner,20334444,SF/PF/F/UTIL,3900,CHA@ORL 11/24/2021 07:00PM ET,ORL,23.72
187,C,Drew Eubanks (20334442),Drew Eubanks,20334442,C/UTIL,3900,ATL@SAS 11/24/2021 08:30PM ET,SAS,17.89
188,PF/C,Grant Williams (20334461),Grant Williams,20334461,PF/C/F/UTIL,3800,BKN@BOS 11/24/2021 07:30PM ET,BOS,14.83
189,PF/C,Blake Griffin (20334465),Blake Griffin,20334465,PF/C/F/UTIL,3800,BKN@BOS 11/24/2021 07:30PM ET,BKN,16.97
190,C,Ed Davis (20334459),Ed Davis,20334459,C/UTIL,3800,PHX@CLE 11/24/2021 07:00PM ET,CLE,9.33
191,PG/SG,Cameron Payne (20334469),Cameron Payne,20334469,PG/SG/G/UTIL,3800,PHX@CLE 11/24/2021 07:00PM ET,PHX,19.02
192,SG/SF,Justin Holiday (20334477),Justin Holiday,20334477,SG/SF/F/G/UTIL,3800,LAL@IND 11/24/2021 07:00PM ET,IND,17.54
193,C,Khem Birch (20334457),Khem Birch,20334457,C/UTIL,3800,TOR@MEM 11/24/2021 08:00PM ET,TOR,18.65
194,PG/SG,De'Anthony Melton (20334473),De'Anthony Melton,20334473,PG/SG/G/UTIL,3800,TOR@MEM 11/24/2021 08:00PM ET,MEM,23.27
195,SG/SF,Lonnie Walker IV (20334482),Lonnie Walker IV,20334482,SG/SF/F/G/UTIL,3800,ATL@SAS 11/24/2021 08:30PM ET,SAS,20.81
196,PG/SG,Ty Jerome (20334500),Ty Jerome,20334500,PG/SG/G/UTIL,3700,UTA@OKC 11/24/2021 08:00PM ET,OKC,12.39
197,SF/PF,Deni Avdija (20334491),Deni Avdija,20334491,SF/PF/F/UTIL,3700,WAS@NOP 11/24/2021 08:00PM ET,WAS,18.12
198,SF/PF,Doug McDermott (20334487),Doug McDermott,20334487,SF/PF/F/UTIL,3700,ATL@SAS 11/24/2021 08:30PM ET,SAS,16.02
199,SG/SF,Cam Reddish (20334495),Cam Reddish,20334495,SG/SF/F/G/UTIL,3700,ATL@SAS 11/24/2021 08:30PM ET,ATL,19.6
200,SF/PF,Matisse Thybulle (20334504),Matisse Thybulle,20334504,SF/PF/F/UTIL,3600,PHI@GSW 11/24/2021 10:00PM ET,PHI,18.2
201,PF/C,Daniel Theis (20334508),Daniel Theis,20334508,PF/C/F/UTIL,3600,CHI@HOU 11/24/2021 08:00PM ET,HOU,17.47
202,PF,Josh Jackson (20334512),Josh Jackson,20334512,PF/F/UTIL,3600,DET@MIL 11/24/2021 08:00PM ET,DET,17.68
203,SF,Terrence Ross (20334515),Terrence Ross,20334515,SF/F/UTIL,3600,CHA@ORL 11/24/2021 07:00PM ET,ORL,17.38
204,C,Derrick Favors (20334518),Derrick Favors,20334518,C/UTIL,3600,UTA@OKC 11/24/2021 08:00PM ET,OKC,14.93
205,SG/SF,Josh Richardson (20334546),Josh Richardson,20334546,SG/SF/F/G/UTIL,3500,BKN@BOS 11/24/2021 07:30PM ET,BOS,17.04
206,SG/SF,Denzel Valentine (20334520),Denzel Valentine,20334520,SG/SF/F/G/UTIL,3500,PHX@CLE 11/24/2021 07:00PM ET,CLE,4.91
207,SF,Danny Green (20334525),Danny Green,20334525,SF/F/UTIL,3500,PHI@GSW 11/24/2021 10:00PM ET,PHI,17.11
208,PF/C,Nemanja Bjelica (20334542),Nemanja Bjelica,20334542,PF/C/F/UTIL,3500,PHI@GSW 11/24/2021 10:00PM ET,GSW,17.1
209,SF/PF,Derrick Jones Jr. (20334530),Derrick Jones Jr.,20334530,SF/PF/F/UTIL,3500,CHI@HOU 11/24/2021 08:00PM ET,CHI,15.98
210,SF/PF,Kelan Martin (20334534),Kelan Martin,20334534,SF/PF/F/UTIL,3500,LAL@IND 11/24/2021 07:00PM ET,IND,13.77
211,PG,Davion Mitchell (20334551),Davion Mitchell,20334551,PG/G/UTIL,3500,POR@SAC 11/24/2021 10:00PM ET,SAC,19.44
212,SG,Ben McLemore (20334557),Ben McLemore,20334557,SG/G/UTIL,3500,POR@SAC 11/24/2021 10:00PM ET,POR,4.55
213,PF/C,Brandon Clarke (20334538),Brandon Clarke,20334538,PF/C/F/UTIL,3500,TOR@MEM 11/24/2021 08:00PM ET,MEM,16.3
214,PG,Goran Dragic (20334554),Goran Dragic,20334554,PG/G/UTIL,3500,TOR@MEM 11/24/2021 08:00PM ET,TOR,16.9
215,SF/PF,Jordan Nwora (20334560),Jordan Nwora,20334560,SF/PF/F/UTIL,3500,DET@MIL 11/24/2021 08:00PM ET,MIL,16.69
216,C,Dewayne Dedmon (20334528),Dewayne Dedmon,20334528,C/UTIL,3500,MIA@MIN 11/24/2021 08:00PM ET,MIA,13.11
217,PF/C,Isaiah Roby (20334564),Isaiah Roby,20334564,PF/C/F/UTIL,3500,UTA@OKC 11/24/2021 08:00PM ET,OKC,9.89
218,SF,DeAndre' Bembry (20334590),DeAndre' Bembry,20334590,SF/F/UTIL,3400,BKN@BOS 11/24/2021 07:30PM ET,BKN,11.68
219,SF,Romeo Langford (20334601),Romeo Langford,20334601,SF/F/UTIL,3400,BKN@BOS 11/24/2021 07:30PM ET,BOS,10.21
220,SF/PF,Cameron Johnson (20334571),Cameron Johnson,20334571,SF/PF/F/UTIL,3400,PHX@CLE 11/24/2021 07:00PM ET,PHX,16.63
221,SF/PF,Otto Porter Jr. (20334593),Otto Porter Jr.,20334593,SF/PF/F/UTIL,3400,PHI@GSW 11/24/2021 10:00PM ET,GSW,16.58
222,PG/SG,Armoni Brooks (20334575),Armoni Brooks,20334575,PG/SG/G/UTIL,3400,CHI@HOU 11/24/2021 08:00PM ET,HOU,7.02
223,SF,Patrick Williams (20334584),Patrick Williams,20334584,SF/F/UTIL,3400,CHI@HOU 11/24/2021 08:00PM ET,CHI,12.35
224,SG,Kendrick Nunn (20334568),Kendrick Nunn,20334568,SG/G/UTIL,3400,LAL@IND 11/24/2021 07:00PM ET,LAL,0.0
225,PG/SG,Anfernee Simons (20334597),Anfernee Simons,20334597,PG/SG/G/UTIL,3400,POR@SAC 11/24/2021 10:00PM ET,POR,19.26
226,SG/SF,Caleb Martin (20334607),Caleb Martin,20334607,SG/SF/F/G/UTIL,3400,MIA@MIN 11/24/2021 08:00PM ET,MIA,12.87
227,SG/SF,Cody Martin (20334579),Cody Martin,20334579,SG/SF/F/G/UTIL,3400,CHA@ORL 11/24/2021 07:00PM ET,CHA,20.04
228,PF,Gabriel Deck (20334587),Gabriel Deck,20334587,PF/F/UTIL,3400,UTA@OKC 11/24/2021 08:00PM ET,OKC,3.25
229,PG,Kira Lewis Jr. (20334604),Kira Lewis Jr.,20334604,PG/G/UTIL,3400,WAS@NOP 11/24/2021 08:00PM ET,NOP,12.28
230,C,Enes Kanter (20334612),Enes Kanter,20334612,C/UTIL,3300,BKN@BOS 11/24/2021 07:30PM ET,BOS,11.21
231,SG/SF,Landry Shamet (20334643),Landry Shamet,20334643,SG/SF/F/G/UTIL,3300,PHX@CLE 11/24/2021 07:00PM ET,PHX,14.84
232,PF/C,Juan Toscano-Anderson (20334626),Juan Toscano-Anderson,20334626,PF/C/F/UTIL,3300,PHI@GSW 11/24/2021 10:00PM ET,GSW,11.41
233,SF/PF,Javonte Green (20334656),Javonte Green,20334656,SF/PF/F/UTIL,3300,CHI@HOU 11/24/2021 08:00PM ET,CHI,13.54
234,PG,Rajon Rondo (20334653),Rajon Rondo,20334653,PG/G/UTIL,3300,LAL@IND 11/24/2021 07:00PM ET,LAL,13.23
235,SG/SF,Ziaire Williams (20334638),Ziaire Williams,20334638,SG/SF/F/G/UTIL,3300,TOR@MEM 11/24/2021 08:00PM ET,MEM,9.72
236,PG/SG,George Hill (20334630),George Hill,20334630,PG/SG/G/UTIL,3300,DET@MIL 11/24/2021 08:00PM ET,MIL,18.28
237,SG/SF,Hamidou Diallo (20334648),Hamidou Diallo,20334648,SG/SF/F/G/UTIL,3300,DET@MIL 11/24/2021 08:00PM ET,DET,12.48
238,SF/PF,Jaden McDaniels (20334614),Jaden McDaniels,20334614,SF/PF/F/UTIL,3300,MIA@MIN 11/24/2021 08:00PM ET,MIN,16.25
239,PF/C,Moritz Wagner (20334622),Moritz Wagner,20334622,PF/C/F/UTIL,3300,CHA@ORL 11/24/2021 07:00PM ET,ORL,9.66
240,SF/PF,Rudy Gay (20334618),Rudy Gay,20334618,SF/PF/F/UTIL,3300,UTA@OKC 11/24/2021 08:00PM ET,UTA,17.33
241,SF/PF,Aleksej Pokusevski (20334660),Aleksej Pokusevski,20334660,SF/PF/F/UTIL,3300,UTA@OKC 11/24/2021 08:00PM ET,OKC,13.31
242,PG/SG,Aaron Holiday (20334634),Aaron Holiday,20334634,PG/SG/G/UTIL,3300,WAS@NOP 11/24/2021 08:00PM ET,WAS,12.53
243,PG,Chris Chiozza (20334687),Chris Chiozza,20334687,PG/G/UTIL,3200,PHI@GSW 11/24/2021 10:00PM ET,GSW,7.46
244,SG,Isaiah Joe (20334703),Isaiah Joe,20334703,SG/G/UTIL,3200,PHI@GSW 11/24/2021 10:00PM ET,PHI,5.8
245,PF/C,KJ Martin (20334668),KJ Martin,20334668,PF/C/F/UTIL,3200,CHI@HOU 11/24/2021 08:00PM ET,HOU,13.64
246,C,Tony Bradley (20334681),Tony Bradley,20334681,C/UTIL,3200,CHI@HOU 11/24/2021 08:00PM ET,CHI,11.3
247,SG,Avery Bradley (20334678),Avery Bradley,20334678,SG/G/UTIL,3200,LAL@IND 11/24/2021 07:00PM ET,LAL,11.85
248,C,Tristan Thompson (20334694),Tristan Thompson,20334694,C/UTIL,3200,POR@SAC 11/24/2021 10:00PM ET,SAC,12.88
249,PG,Tyus Jones (20334672),Tyus Jones,20334672,PG/G/UTIL,3200,TOR@MEM 11/24/2021 08:00PM ET,MEM,15.28
250,PF/C,Trey Lyles (20334664),Trey Lyles,20334664,PF/C/F/UTIL,3200,DET@MIL 11/24/2021 08:00PM ET,DET,13.75
251,SG,Rodney Hood (20334700),Rodney Hood,20334700,SG/G/UTIL,3200,DET@MIL 11/24/2021 08:00PM ET,MIL,8.41
252,C,Robin Lopez (20334690),Robin Lopez,20334690,C/UTIL,3200,CHA@ORL 11/24/2021 07:00PM ET,ORL,10.61
253,C,Mike Muscala (20334692),Mike Muscala,20334692,C/UTIL,3200,UTA@OKC 11/24/2021 08:00PM ET,OKC,16.86
254,PF,Naji Marshall (20334675),Naji Marshall,20334675,PF/F/UTIL,3200,WAS@NOP 11/24/2021 08:00PM ET,NOP,11.33
255,PG/SG,Lou Williams (20334683),Lou Williams,20334683,PG/SG/G/UTIL,3200,ATL@SAS 11/24/2021 08:30PM ET,ATL,10.62
256,SF/PF,Keita Bates-Diop (20334696),Keita Bates-Diop,20334696,SF/PF/F/UTIL,3200,ATL@SAS 11/24/2021 08:30PM ET,SAS,9.12
257,C,Nicolas Claxton (20334711),Nicolas Claxton,20334711,C/UTIL,3100,BKN@BOS 11/24/2021 07:30PM ET,BKN,16.12
258,SF,Troy Brown Jr. (20334742),Troy Brown Jr.,20334742,SF/F/UTIL,3100,CHI@HOU 11/24/2021 08:00PM ET,CHI,6.31
259,C,Dwight Howard (20334713),Dwight Howard,20334713,C/UTIL,3100,LAL@IND 11/24/2021 07:00PM ET,LAL,13.9
260,SF/PF,Torrey Craig (20334715),Torrey Craig,20334715,SF/PF/F/UTIL,3100,LAL@IND 11/24/2021 07:00PM ET,IND,13.91
261,SG/SF,Tony Snell (20334706),Tony Snell,20334706,SG/SF/F/G/UTIL,3100,POR@SAC 11/24/2021 10:00PM ET,POR,3.65
262,SG/SF,Svi Mykhailiuk (20334728),Svi Mykhailiuk,20334728,SG/SF/F/G/UTIL,3100,TOR@MEM 11/24/2021 08:00PM ET,TOR,13.79
263,SG/SF,Max Strus (20334723),Max Strus,20334723,SG/SF/F/G/UTIL,3100,MIA@MIN 11/24/2021 08:00PM ET,MIA,13.54
264,PG/SG,Mychal Mulder (20334719),Mychal Mulder,20334719,PG/SG/G/UTIL,3100,CHA@ORL 11/24/2021 07:00PM ET,ORL,6.96
265,PG/SF,Kenrich Williams (20334745),Kenrich Williams,20334745,PG/SF/F/G/UTIL,3100,UTA@OKC 11/24/2021 08:00PM ET,OKC,14.56
266,PG,Raul Neto (20334736),Raul Neto,20334736,PG/G/UTIL,3100,WAS@NOP 11/24/2021 08:00PM ET,WAS,14.56
267,PF,Herbert Jones (20334739),Herbert Jones,20334739,PF/F/UTIL,3100,WAS@NOP 11/24/2021 08:00PM ET,NOP,15.41
268,PG,Delon Wright (20334733),Delon Wright,20334733,PG/G/UTIL,3100,ATL@SAS 11/24/2021 08:30PM ET,ATL,10.06
269,C,Luke Kornet (20334811),Luke Kornet,20334811,C/UTIL,3000,BKN@BOS 11/24/2021 07:30PM ET,BOS,0.0
270,C,Nikola Milutinov (20334845),Nikola Milutinov,20334845,C/UTIL,3000,BKN@BOS 11/24/2021 07:30PM ET,BKN,0.0
271,C,Day'Ron Sharpe (20334847),Day'Ron Sharpe,20334847,C/UTIL,3000,BKN@BOS 11/24/2021 07:30PM ET,BKN,5.89
272,PF/C,Bruno Fernando (20334983),Bruno Fernando,20334983,PF/C/F/UTIL,3000,BKN@BOS 11/24/2021 07:30PM ET,BOS,0.62
273,PF/C,Paul Millsap (20335007),Paul Millsap,20335007,PF/C/F/UTIL,3000,BKN@BOS 11/24/2021 07:30PM ET,BKN,9.12
274,PG/SG,Brandon Rachal (20335135),Brandon Rachal,20335135,PG/SG/G/UTIL,3000,BKN@BOS 11/24/2021 07:30PM ET,BKN,0.0
275,PG/SG,Cameron Thomas (20335139),Cameron Thomas,20335139,PG/SG/G/UTIL,3000,BKN@BOS 11/24/2021 07:30PM ET,BKN,4.59
276,SG/SF,Aaron Nesmith (20335226),Aaron Nesmith,20335226,SG/SF/F/G/UTIL,3000,BKN@BOS 11/24/2021 07:30PM ET,BOS,4.97
277,PG,Chris Clemons (20335311),Chris Clemons,20335311,PG/G/UTIL,3000,BKN@BOS 11/24/2021 07:30PM ET,BOS,0.0
278,PG,Ryan Arcidiacono (20335314),Ryan Arcidiacono,20335314,PG/G/UTIL,3000,BKN@BOS 11/24/2021 07:30PM ET,BOS,0.0
279,PG,Payton Pritchard (20335317),Payton Pritchard,20335317,PG/G/UTIL,3000,BKN@BOS 11/24/2021 07:30PM ET,BOS,5.06
280,PG,Brodric Thomas (20335320),Brodric Thomas,20335320,PG/G/UTIL,3000,BKN@BOS 11/24/2021 07:30PM ET,BOS,0.38
281,PG,Bryce Brown (20335392),Bryce Brown,20335392,PG/G/UTIL,3000,BKN@BOS 11/24/2021 07:30PM ET,BKN,0.0
282,PG,Jevon Carter (20335395),Jevon Carter,20335395,PG/G/UTIL,3000,BKN@BOS 11/24/2021 07:30PM ET,BKN,8.88
283,PG,Josh Gray (20335398),Josh Gray,20335398,PG/G/UTIL,3000,BKN@BOS 11/24/2021 07:30PM ET,BKN,0.0
284,PG,Marcus Zegarowski (20335401),Marcus Zegarowski,20335401,PG/G/UTIL,3000,BKN@BOS 11/24/2021 07:30PM ET,BKN,0.0
285,PG,Edmond Sumner (20335404),Edmond Sumner,20335404,PG/G/UTIL,3000,BKN@BOS 11/24/2021 07:30PM ET,BKN,0.0
286,PF,Jabari Parker (20335446),Jabari Parker,20335446,PF/F/UTIL,3000,BKN@BOS 11/24/2021 07:30PM ET,BOS,10.2
287,PF,Juancho Hernangomez (20335449),Juancho Hernangomez,20335449,PF/F/UTIL,3000,BKN@BOS 11/24/2021 07:30PM ET,BOS,2.62
288,PF,Sam Hauser (20335452),Sam Hauser,20335452,PF/F/UTIL,3000,BKN@BOS 11/24/2021 07:30PM ET,BOS,1.62
289,PF,Juwan Morgan (20335455),Juwan Morgan,20335455,PF/F/UTIL,3000,BKN@BOS 11/24/2021 07:30PM ET,BOS,0.0
290,PF,RaiQuan Gray (20335512),RaiQuan Gray,20335512,PF/F/UTIL,3000,BKN@BOS 11/24/2021 07:30PM ET,BKN,0.0
291,SG,Theo Pinson (20335560),Theo Pinson,20335560,SG/G/UTIL,3000,BKN@BOS 11/24/2021 07:30PM ET,BOS,0.0
292,SG,Juhann Begarin (20335563),Juhann Begarin,20335563,SG/G/UTIL,3000,BKN@BOS 11/24/2021 07:30PM ET,BOS,0.0
293,SG,Elijah Millsap (20335650),Elijah Millsap,20335650,SG/G/UTIL,3000,BKN@BOS 11/24/2021 07:30PM ET,BKN,0.0
294,SG,Jordan Bowden (20335653),Jordan Bowden,20335653,SG/G/UTIL,3000,BKN@BOS 11/24/2021 07:30PM ET,BKN,0.0
295,SF,Kessler Edwards (20335737),Kessler Edwards,20335737,SF/F/UTIL,3000,BKN@BOS 11/24/2021 07:30PM ET,BKN,12.25
296,PG/SF,David Duke Jr. (20335773),David Duke Jr.,20335773,PG/SF/F/G/UTIL,3000,BKN@BOS 11/24/2021 07:30PM ET,BKN,0.0
297,SG,Justin James (20334797),Justin James,20334797,SG/G/UTIL,3000,PHX@CLE 11/24/2021 07:00PM ET,CLE,0.0
298,C,Anderson Varejao (20334807),Anderson Varejao,20334807,C/UTIL,3000,PHX@CLE 11/24/2021 07:00PM ET,CLE,0.0
299,C,Dario Saric (20334837),Dario Saric,20334837,C/UTIL,3000,PHX@CLE 11/24/2021 07:00PM ET,PHX,0.0
300,C,Tacko Fall (20334881),Tacko Fall,20334881,C/UTIL,3000,PHX@CLE 11/24/2021 07:00PM ET,CLE,1.54
301,SF/PF,Lamar Stevens (20334883),Lamar Stevens,20334883,SF/PF/F/UTIL,3000,PHX@CLE 11/24/2021 07:00PM ET,CLE,4.67
302,SF/PF,Chandler Hutchison (20334923),Chandler Hutchison,20334923,SF/PF/F/UTIL,3000,PHX@CLE 11/24/2021 07:00PM ET,PHX,2.33
303,SF/PF,Ish Wainright (20334927),Ish Wainright,20334927,SF/PF/F/UTIL,3000,PHX@CLE 11/24/2021 07:00PM ET,PHX,2.75
304,SF/PF,Abdel Nader (20334931),Abdel Nader,20334931,SF/PF/F/UTIL,3000,PHX@CLE 11/24/2021 07:00PM ET,PHX,7.05
305,PF/C,Jalen Smith (20335003),Jalen Smith,20335003,PF/C/F/UTIL,3000,PHX@CLE 11/24/2021 07:00PM ET,PHX,6.55
306,PG/SG,Mitch Ballock (20335051),Mitch Ballock,20335051,PG/SG/G/UTIL,3000,PHX@CLE 11/24/2021 07:00PM ET,CLE,0.0
307,SG/SF,Dylan Windler (20335286),Dylan Windler,20335286,SG/SF/F/G/UTIL,3000,PHX@CLE 11/24/2021 07:00PM ET,CLE,8.11
308,PG,Kevin Pangos (20335299),Kevin Pangos,20335299,PG/G/UTIL,3000,PHX@CLE 11/24/2021 07:00PM ET,CLE,1.05
309,PG,RJ Nembhard (20335302),RJ Nembhard,20335302,PG/G/UTIL,3000,PHX@CLE 11/24/2021 07:00PM ET,CLE,2.38
310,PG,Kyle Guy (20335305),Kyle Guy,20335305,PG/G/UTIL,3000,PHX@CLE 11/24/2021 07:00PM ET,CLE,0.0
311,PG,Chasson Randle (20335383),Chasson Randle,20335383,PG/G/UTIL,3000,PHX@CLE 11/24/2021 07:00PM ET,PHX,0.0
312,PG,Elfrid Payton (20335386),Elfrid Payton,20335386,PG/G/UTIL,3000,PHX@CLE 11/24/2021 07:00PM ET,PHX,14.62
313,SG,Ty-Shon Alexander (20335635),Ty-Shon Alexander,20335635,SG/G/UTIL,3000,PHX@CLE 11/24/2021 07:00PM ET,PHX,0.0
314,PF,Jonathan Kuminga (20334773),Jonathan Kuminga,20334773,PF/F/UTIL,3000,PHI@GSW 11/24/2021 10:00PM ET,GSW,7.0
315,SG/SF,Damion Lee (20334780),Damion Lee,20334780,SG/SF/F/G/UTIL,3000,PHI@GSW 11/24/2021 10:00PM ET,GSW,15.82
316,C,Charles Bassey (20334879),Charles Bassey,20334879,C/UTIL,3000,PHI@GSW 11/24/2021 10:00PM ET,PHI,9.11
317,SF/PF,Filip Petrusev (20334971),Filip Petrusev,20334971,SF/PF/F/UTIL,3000,PHI@GSW 11/24/2021 10:00PM ET,PHI,0.0
318,PF/C,Paul Reed (20335035),Paul Reed,20335035,PF/C/F/UTIL,3000,PHI@GSW 11/24/2021 10:00PM ET,PHI,9.64
319,PG/SG,Jeff Dowtin (20335095),Jeff Dowtin,20335095,PG/SG/G/UTIL,3000,PHI@GSW 11/24/2021 10:00PM ET,GSW,1.25
320,SG/SF,LJ Figueroa (20335256),LJ Figueroa,20335256,SG/SF/F/G/UTIL,3000,PHI@GSW 11/24/2021 10:00PM ET,GSW,0.0
321,PG,Nico Mannion (20335377),Nico Mannion,20335377,PG/G/UTIL,3000,PHI@GSW 11/24/2021 10:00PM ET,GSW,0.0
322,PG,Quinndary Weatherspoon (20335380),Quinndary Weatherspoon,20335380,PG/G/UTIL,3000,PHI@GSW 11/24/2021 10:00PM ET,GSW,0.0
323,PG,Grant Riller (20335431),Grant Riller,20335431,PG/G/UTIL,3000,PHI@GSW 11/24/2021 10:00PM ET,PHI,0.0
324,PF,Alen Smailagic (20335494),Alen Smailagic,20335494,PF/F/UTIL,3000,PHI@GSW 11/24/2021 10:00PM ET,GSW,0.0
325,PF,Jordan Bell (20335497),Jordan Bell,20335497,PF/F/UTIL,3000,PHI@GSW 11/24/2021 10:00PM ET,GSW,0.0
326,PF,Anthony Tolliver (20335542),Anthony Tolliver,20335542,PF/F/UTIL,3000,PHI@GSW 11/24/2021 10:00PM ET,PHI,0.0
327,SG,Langston Galloway (20335626),Langston Galloway,20335626,SG/G/UTIL,3000,PHI@GSW 11/24/2021 10:00PM ET,GSW,0.0
328,SG,Moses Moody (20335629),Moses Moody,20335629,SG/G/UTIL,3000,PHI@GSW 11/24/2021 10:00PM ET,GSW,3.27
329,SG,Shaquille Harrison (20335677),Shaquille Harrison,20335677,SG/G/UTIL,3000,PHI@GSW 11/24/2021 10:00PM ET,PHI,0.0
330,SG,Jaden Springer (20335680),Jaden Springer,20335680,SG/G/UTIL,3000,PHI@GSW 11/24/2021 10:00PM ET,PHI,0.0
331,SF,Axel Toupane (20335722),Axel Toupane,20335722,SF/F/UTIL,3000,PHI@GSW 11/24/2021 10:00PM ET,GSW,0.0
332,SF,Andre Iguodala (20335725),Andre Iguodala,20335725,SF/F/UTIL,3000,PHI@GSW 11/24/2021 10:00PM ET,GSW,16.75
333,SF,Gary Clark (20335764),Gary Clark,20335764,SF/F/UTIL,3000,PHI@GSW 11/24/2021 10:00PM ET,PHI,0.0
334,SF,Aaron Henry (20335767),Aaron Henry,20335767,SF/F/UTIL,3000,PHI@GSW 11/24/2021 10:00PM ET,PHI,0.0
335,SG,Khyri Thomas (20334750),Khyri Thomas,20334750,SG/G/UTIL,3000,CHI@HOU 11/24/2021 08:00PM ET,HOU,0.0
336,PF,Stanley Johnson (20334753),Stanley Johnson,20334753,PF/F/UTIL,3000,CHI@HOU 11/24/2021 08:00PM ET,CHI,0.0
337,C,Usman Garuba (20334819),Usman Garuba,20334819,C/UTIL,3000,CHI@HOU 11/24/2021 08:00PM ET,HOU,7.93
338,C,Daniel Oturu (20334859),Daniel Oturu,20334859,C/UTIL,3000,CHI@HOU 11/24/2021 08:00PM ET,CHI,0.0
339,SF/PF,Troy Baxter (20334959),Troy Baxter,20334959,SF/PF/F/UTIL,3000,CHI@HOU 11/24/2021 08:00PM ET,CHI,0.0
340,PF/C,Tyler Cook (20335015),Tyler Cook,20335015,PF/C/F/UTIL,3000,CHI@HOU 11/24/2021 08:00PM ET,CHI,11.0
341,PF/C,Alize Johnson (20335019),Alize Johnson,20335019,PF/C/F/UTIL,3000,CHI@HOU 11/24/2021 08:00PM ET,CHI,6.27
342,PF/C,Marko Simonovic (20335023),Marko Simonovic,20335023,PF/C/F/UTIL,3000,CHI@HOU 11/24/2021 08:00PM ET,CHI,1.75
343,PG/SG,Ethan Thompson (20335159),Ethan Thompson,20335159,PG/SG/G/UTIL,3000,CHI@HOU 11/24/2021 08:00PM ET,CHI,0.0
344,PG/SG,Ayo Dosunmu (20335207),Ayo Dosunmu,20335207,PG/SG/G/UTIL,3000,CHI@HOU 11/24/2021 08:00PM ET,CHI,11.1
345,SG/SF,Tyler Bey (20335246),Tyler Bey,20335246,SG/SF/F/G/UTIL,3000,CHI@HOU 11/24/2021 08:00PM ET,HOU,0.0
346,PG,D.J. Augustin (20335356),D.J. Augustin,20335356,PG/G/UTIL,3000,CHI@HOU 11/24/2021 08:00PM ET,HOU,7.82
347,PG,Marcus Foster (20335359),Marcus Foster,20335359,PG/G/UTIL,3000,CHI@HOU 11/24/2021 08:00PM ET,HOU,0.0
348,PG,Daishen Nix (20335362),Daishen Nix,20335362,PG/G/UTIL,3000,CHI@HOU 11/24/2021 08:00PM ET,HOU,0.0
349,PG,Bryce Alford (20335419),Bryce Alford,20335419,PG/G/UTIL,3000,CHI@HOU 11/24/2021 08:00PM ET,CHI,0.0
350,PG,Devon Dotson (20335422),Devon Dotson,20335422,PG/G/UTIL,3000,CHI@HOU 11/24/2021 08:00PM ET,CHI,5.75
351,PF,Danuel House Jr. (20335473),Danuel House Jr.,20335473,PF/F/UTIL,3000,CHI@HOU 11/24/2021 08:00PM ET,HOU,8.4
352,PF,Mfiondu Kabengele (20335476),Mfiondu Kabengele,20335476,PF/F/UTIL,3000,CHI@HOU 11/24/2021 08:00PM ET,HOU,0.0
353,SG,Dante Exum (20335584),Dante Exum,20335584,SG/G/UTIL,3000,CHI@HOU 11/24/2021 08:00PM ET,HOU,0.0
354,SG,Josh Christopher (20335587),Josh Christopher,20335587,SG/G/UTIL,3000,CHI@HOU 11/24/2021 08:00PM ET,HOU,6.54
355,SG,Matt Thomas (20335668),Matt Thomas,20335668,SG/G/UTIL,3000,CHI@HOU 11/24/2021 08:00PM ET,CHI,2.33
356,SF,David Nwaba (20335704),David Nwaba,20335704,SF/F/UTIL,3000,CHI@HOU 11/24/2021 08:00PM ET,HOU,10.53
357,SF,Garrison Mathews (20335707),Garrison Mathews,20335707,SF/F/UTIL,3000,CHI@HOU 11/24/2021 08:00PM ET,HOU,10.81
358,SF,Anthony Lamb (20335710),Anthony Lamb,20335710,SF/F/UTIL,3000,CHI@HOU 11/24/2021 08:00PM ET,HOU,0.0
359,PG,Frank Mason III (20334767),Frank Mason III,20334767,PG/G/UTIL,3000,LAL@IND 11/24/2021 07:00PM ET,LAL,0.0
360,PG,Brad Wanamaker (20334785),Brad Wanamaker,20334785,PG/G/UTIL,3000,LAL@IND 11/24/2021 07:00PM ET,IND,9.3
361,SF,Kent Bazemore (20334791),Kent Bazemore,20334791,SF/F/UTIL,3000,LAL@IND 11/24/2021 07:00PM ET,LAL,11.34
362,C,Amida Brimah (20334803),Amida Brimah,20334803,C/UTIL,3000,LAL@IND 11/24/2021 07:00PM ET,IND,0.0
363,C,Goga Bitadze (20334805),Goga Bitadze,20334805,C/UTIL,3000,LAL@IND 11/24/2021 07:00PM ET,IND,8.89
364,C,DeAndre Jordan (20334833),DeAndre Jordan,20334833,C/UTIL,3000,LAL@IND 11/24/2021 07:00PM ET,LAL,15.56
365,C,Jay Huff (20334835),Jay Huff,20334835,C/UTIL,3000,LAL@IND 11/24/2021 07:00PM ET,LAL,4.0
366,PF/C,Oshae Brissett (20334975),Oshae Brissett,20334975,PF/C/F/UTIL,3000,LAL@IND 11/24/2021 07:00PM ET,IND,6.96
367,PF/C,Isaiah Jackson (20334979),Isaiah Jackson,20334979,PF/C/F/UTIL,3000,LAL@IND 11/24/2021 07:00PM ET,IND,4.42
368,PG/SG,Duane Washington Jr. (20335047),Duane Washington Jr.,20335047,PG/SG/G/UTIL,3000,LAL@IND 11/24/2021 07:00PM ET,IND,3.38
369,PG/SG,Trevelin Queen (20335115),Trevelin Queen,20335115,PG/SG/G/UTIL,3000,LAL@IND 11/24/2021 07:00PM ET,LAL,0.0
370,PG/SG,Mac McClung (20335119),Mac McClung,20335119,PG/SG/G/UTIL,3000,LAL@IND 11/24/2021 07:00PM ET,LAL,0.0
371,PG/SG,Austin Reaves (20335123),Austin Reaves,20335123,PG/SG/G/UTIL,3000,LAL@IND 11/24/2021 07:00PM ET,LAL,11.15
372,SG/SF,Jeremy Lamb (20335211),Jeremy Lamb,20335211,SG/SF/F/G/UTIL,3000,LAL@IND 11/24/2021 07:00PM ET,IND,14.55
373,SG/SF,Terry Taylor (20335216),Terry Taylor,20335216,SG/SF/F/G/UTIL,3000,LAL@IND 11/24/2021 07:00PM ET,IND,0.0
374,SG/SF,Wayne Ellington (20335271),Wayne Ellington,20335271,SG/SF/F/G/UTIL,3000,LAL@IND 11/24/2021 07:00PM ET,LAL,9.89
375,PG,Keifer Sykes (20335296),Keifer Sykes,20335296,PG/G/UTIL,3000,LAL@IND 11/24/2021 07:00PM ET,IND,0.0
376,PF,Kostas Antetokounmpo (20335503),Kostas Antetokounmpo,20335503,PF/F/UTIL,3000,LAL@IND 11/24/2021 07:00PM ET,LAL,0.0
377,PF,Trevor Ariza (20335506),Trevor Ariza,20335506,PF/F/UTIL,3000,LAL@IND 11/24/2021 07:00PM ET,LAL,0.0
378,SG,DeJon Jarreau (20335551),DeJon Jarreau,20335551,SG/G/UTIL,3000,LAL@IND 11/24/2021 07:00PM ET,IND,0.0
379,SG,Nate Hinton (20335554),Nate Hinton,20335554,SG/G/UTIL,3000,LAL@IND 11/24/2021 07:00PM ET,IND,0.0
380,SG,Chaundee Brown Jr. (20335632),Chaundee Brown Jr.,20335632,SG/G/UTIL,3000,LAL@IND 11/24/2021 07:00PM ET,LAL,0.0
381,SF,Juan Pablo Vaulet (20335683),Juan Pablo Vaulet,20335683,SF/F/UTIL,3000,LAL@IND 11/24/2021 07:00PM ET,IND,0.0
382,SF,Alfonzo McKinnie (20335728),Alfonzo McKinnie,20335728,SF/F/UTIL,3000,LAL@IND 11/24/2021 07:00PM ET,LAL,0.0
383,SF,Cameron Oliver (20335731),Cameron Oliver,20335731,SF/F/UTIL,3000,LAL@IND 11/24/2021 07:00PM ET,LAL,0.0
384,SF,Sekou Doumbouya (20335734),Sekou Doumbouya,20335734,SF/F/UTIL,3000,LAL@IND 11/24/2021 07:00PM ET,LAL,15.5
385,PF,Marquese Chriss (20334762),Marquese Chriss,20334762,PF/F/UTIL,3000,POR@SAC 11/24/2021 10:00PM ET,POR,0.0
386,PF,Patrick Patterson (20334794),Patrick Patterson,20334794,PF/F/UTIL,3000,POR@SAC 11/24/2021 10:00PM ET,POR,0.0
387,SF,Keljin Blevins (20334800),Keljin Blevins,20334800,SF/F/UTIL,3000,POR@SAC 11/24/2021 10:00PM ET,POR,0.0
388,C,Alex Len (20334827),Alex Len,20334827,C/UTIL,3000,POR@SAC 11/24/2021 10:00PM ET,SAC,15.68
389,C,Damian Jones (20334829),Damian Jones,20334829,C/UTIL,3000,POR@SAC 11/24/2021 10:00PM ET,SAC,7.21
390,C,Neemias Queta (20334831),Neemias Queta,20334831,C/UTIL,3000,POR@SAC 11/24/2021 10:00PM ET,SAC,0.0
391,C,Cody Zeller (20334875),Cody Zeller,20334875,C/UTIL,3000,POR@SAC 11/24/2021 10:00PM ET,POR,12.1
392,C,Trendon Watford (20334877),Trendon Watford,20334877,C/UTIL,3000,POR@SAC 11/24/2021 10:00PM ET,POR,5.0
393,SF/PF,Moe Harkless (20334915),Moe Harkless,20334915,SF/PF/F/UTIL,3000,POR@SAC 11/24/2021 10:00PM ET,SAC,10.36
394,SF/PF,Louis King (20334919),Louis King,20334919,SF/PF/F/UTIL,3000,POR@SAC 11/24/2021 10:00PM ET,SAC,0.0
395,PG/SG,Ade Murkey (20335099),Ade Murkey,20335099,PG/SG/G/UTIL,3000,POR@SAC 11/24/2021 10:00PM ET,SAC,0.0
396,PG/SG,Matt Coleman III (20335103),Matt Coleman III,20335103,PG/SG/G/UTIL,3000,POR@SAC 11/24/2021 10:00PM ET,SAC,0.0
397,PG/SG,DJ Steward (20335107),DJ Steward,20335107,PG/SG/G/UTIL,3000,POR@SAC 11/24/2021 10:00PM ET,SAC,0.0
398,PG/SG,Jahmi'us Ramsey (20335111),Jahmi'us Ramsey,20335111,PG/SG/G/UTIL,3000,POR@SAC 11/24/2021 10:00PM ET,SAC,2.5
399,SG/SF,Terence Davis (20335261),Terence Davis,20335261,SG/SF/F/G/UTIL,3000,POR@SAC 11/24/2021 10:00PM ET,SAC,8.3
400,SG/SF,Robert Woodard II (20335266),Robert Woodard II,20335266,SG/SF/F/G/UTIL,3000,POR@SAC 11/24/2021 10:00PM ET,SAC,0.0
401,SG/SF,CJ Elleby (20335281),CJ Elleby,20335281,SG/SF/F/G/UTIL,3000,POR@SAC 11/24/2021 10:00PM ET,POR,3.44
402,PG,Quinn Cook (20335434),Quinn Cook,20335434,PG/G/UTIL,3000,POR@SAC 11/24/2021 10:00PM ET,POR,0.0
403,PG,Dennis Smith Jr. (20335437),Dennis Smith Jr.,20335437,PG/G/UTIL,3000,POR@SAC 11/24/2021 10:00PM ET,POR,10.84
404,PF,Emanuel Terry (20335500),Emanuel Terry,20335500,PF/F/UTIL,3000,POR@SAC 11/24/2021 10:00PM ET,SAC,0.0
405,PF,Greg Brown (20335545),Greg Brown,20335545,PF/F/UTIL,3000,POR@SAC 11/24/2021 10:00PM ET,POR,6.57
406,C,Marc Gasol (20334765),Marc Gasol,20334765,C/UTIL,3000,TOR@MEM 11/24/2021 08:00PM ET,MEM,0.0
407,C,Aron Baynes (20334857),Aron Baynes,20334857,C/UTIL,3000,TOR@MEM 11/24/2021 08:00PM ET,TOR,0.0
408,SF/PF,Romeo Weems (20334899),Romeo Weems,20334899,SF/PF/F/UTIL,3000,TOR@MEM 11/24/2021 08:00PM ET,MEM,0.0
409,SF/PF,Matthew Hurt (20334903),Matthew Hurt,20334903,SF/PF/F/UTIL,3000,TOR@MEM 11/24/2021 08:00PM ET,MEM,0.0
410,SF/PF,Justin Champagnie (20334951),Justin Champagnie,20334951,SF/PF/F/UTIL,3000,TOR@MEM 11/24/2021 08:00PM ET,TOR,2.5
411,SF/PF,Freddie Gillespie (20334955),Freddie Gillespie,20334955,SF/PF/F/UTIL,3000,TOR@MEM 11/24/2021 08:00PM ET,TOR,0.0
412,PF/C,Santi Aldama (20334987),Santi Aldama,20334987,PF/C/F/UTIL,3000,TOR@MEM 11/24/2021 08:00PM ET,MEM,6.18
413,PF/C,Killian Tillie (20334991),Killian Tillie,20334991,PF/C/F/UTIL,3000,TOR@MEM 11/24/2021 08:00PM ET,MEM,3.85
414,PF/C,Xavier Tillman (20335043),Xavier Tillman,20335043,PF/C/F/UTIL,3000,TOR@MEM 11/24/2021 08:00PM ET,MEM,12.1
415,PG/SG,Ashton Hagans (20335151),Ashton Hagans,20335151,PG/SG/G/UTIL,3000,TOR@MEM 11/24/2021 08:00PM ET,TOR,0.0
416,PG/SG,David Johnson (20335155),David Johnson,20335155,PG/SG/G/UTIL,3000,TOR@MEM 11/24/2021 08:00PM ET,TOR,0.0
417,PG/SG,Malachi Flynn (20335203),Malachi Flynn,20335203,PG/SG/G/UTIL,3000,TOR@MEM 11/24/2021 08:00PM ET,TOR,5.35
418,SG/SF,Jarrett Culver (20335236),Jarrett Culver,20335236,SG/SF/F/G/UTIL,3000,TOR@MEM 11/24/2021 08:00PM ET,MEM,7.12
419,SG/SF,John Konchar (20335241),John Konchar,20335241,SG/SF/F/G/UTIL,3000,TOR@MEM 11/24/2021 08:00PM ET,MEM,9.38
420,PG,David Stockton (20335341),David Stockton,20335341,PG/G/UTIL,3000,TOR@MEM 11/24/2021 08:00PM ET,MEM,0.0
421,PG,Tim Frazier (20335344),Tim Frazier,20335344,PG/G/UTIL,3000,TOR@MEM 11/24/2021 08:00PM ET,MEM,0.0
422,PG,Kris Dunn (20335347),Kris Dunn,20335347,PG/G/UTIL,3000,TOR@MEM 11/24/2021 08:00PM ET,MEM,0.0
423,PG,Shaq Buchanan (20335350),Shaq Buchanan,20335350,PG/G/UTIL,3000,TOR@MEM 11/24/2021 08:00PM ET,MEM,0.0
424,PG,Carsen Edwards (20335353),Carsen Edwards,20335353,PG/G/UTIL,3000,TOR@MEM 11/24/2021 08:00PM ET,MEM,0.0
425,PG,Dalano Banton (20335416),Dalano Banton,20335416,PG/G/UTIL,3000,TOR@MEM 11/24/2021 08:00PM ET,TOR,11.17
426,PF,Reggie Perry (20335524),Reggie Perry,20335524,PF/F/UTIL,3000,TOR@MEM 11/24/2021 08:00PM ET,TOR,0.0
427,SG,Ahmad Caver (20335575),Ahmad Caver,20335575,SG/G/UTIL,3000,TOR@MEM 11/24/2021 08:00PM ET,MEM,0.0
428,SG,Sean McDermott (20335578),Sean McDermott,20335578,SG/G/UTIL,3000,TOR@MEM 11/24/2021 08:00PM ET,MEM,0.0
429,SG,Sam Merrill (20335581),Sam Merrill,20335581,SG/G/UTIL,3000,TOR@MEM 11/24/2021 08:00PM ET,MEM,7.04
430,SG,Breein Tyree (20335662),Breein Tyree,20335662,SG/G/UTIL,3000,TOR@MEM 11/24/2021 08:00PM ET,TOR,0.0
431,SG,Yuta Watanabe (20335665),Yuta Watanabe,20335665,SG/G/UTIL,3000,TOR@MEM 11/24/2021 08:00PM ET,TOR,0.0
432,SF,Yves Pons (20335701),Yves Pons,20335701,SF/F/UTIL,3000,TOR@MEM 11/24/2021 08:00PM ET,MEM,1.25
433,SF,Sam Dekker (20335743),Sam Dekker,20335743,SF/F/UTIL,3000,TOR@MEM 11/24/2021 08:00PM ET,TOR,0.0
434,SF,Alex Antetokounmpo (20335746),Alex Antetokounmpo,20335746,SF/F/UTIL,3000,TOR@MEM 11/24/2021 08:00PM ET,TOR,0.0
435,SF,Isaac Bonga (20335749),Isaac Bonga,20335749,SF/F/UTIL,3000,TOR@MEM 11/24/2021 08:00PM ET,TOR,3.17
436,SF,Josh Hall (20335752),Josh Hall,20335752,SF/F/UTIL,3000,TOR@MEM 11/24/2021 08:00PM ET,TOR,0.0
437,C,Javin DeLaurier (20334815),Javin DeLaurier,20334815,C/UTIL,3000,DET@MIL 11/24/2021 08:00PM ET,MIL,0.0
438,C,Sandro Mamukelashvili (20334817),Sandro Mamukelashvili,20334817,C/UTIL,3000,DET@MIL 11/24/2021 08:00PM ET,MIL,4.82
439,C,Balsa Koprivica (20334853),Balsa Koprivica,20334853,C/UTIL,3000,DET@MIL 11/24/2021 08:00PM ET,DET,0.0
440,C,Luka Garza (20334855),Luka Garza,20334855,C/UTIL,3000,DET@MIL 11/24/2021 08:00PM ET,DET,9.11
441,PG,Jeff Teague (20335329),Jeff Teague,20335329,PG/G/UTIL,3000,DET@MIL 11/24/2021 08:00PM ET,MIL,0.0
442,PG,Jalen Lecque (20335332),Jalen Lecque,20335332,PG/G/UTIL,3000,DET@MIL 11/24/2021 08:00PM ET,MIL,0.0
443,PG,Tremont Waters (20335335),Tremont Waters,20335335,PG/G/UTIL,3000,DET@MIL 11/24/2021 08:00PM ET,MIL,0.0
444,PG,Justin Robinson (20335338),Justin Robinson,20335338,PG/G/UTIL,3000,DET@MIL 11/24/2021 08:00PM ET,MIL,7.45
445,PG,Saben Lee (20335410),Saben Lee,20335410,PG/G/UTIL,3000,DET@MIL 11/24/2021 08:00PM ET,DET,3.92
446,PG,Derrick Walton Jr. (20335413),Derrick Walton Jr.,20335413,PG/G/UTIL,3000,DET@MIL 11/24/2021 08:00PM ET,DET,0.0
447,PF,Johnny O'Bryant III (20335461),Johnny O'Bryant III,20335461,PF/F/UTIL,3000,DET@MIL 11/24/2021 08:00PM ET,MIL,0.0
448,PF,Wenyen Gabriel (20335464),Wenyen Gabriel,20335464,PF/F/UTIL,3000,DET@MIL 11/24/2021 08:00PM ET,MIL,0.0
449,PF,Thanasis Antetokounmpo (20335467),Thanasis Antetokounmpo,20335467,PF/F/UTIL,3000,DET@MIL 11/24/2021 08:00PM ET,MIL,11.12
450,PF,Semi Ojeleye (20335470),Semi Ojeleye,20335470,PF/F/UTIL,3000,DET@MIL 11/24/2021 08:00PM ET,MIL,9.77
451,PF,Jamorko Pickett (20335518),Jamorko Pickett,20335518,PF/F/UTIL,3000,DET@MIL 11/24/2021 08:00PM ET,DET,1.0
452,PF,Isaiah Livers (20335521),Isaiah Livers,20335521,PF/F/UTIL,3000,DET@MIL 11/24/2021 08:00PM ET,DET,0.0
453,SG,Elijah Bryant (20335569),Elijah Bryant,20335569,SG/G/UTIL,3000,DET@MIL 11/24/2021 08:00PM ET,MIL,0.0
454,SG,Georgios Kalaitzakis (20335572),Georgios Kalaitzakis,20335572,SG/G/UTIL,3000,DET@MIL 11/24/2021 08:00PM ET,MIL,4.33
455,SG,Cassius Stanley (20335656),Cassius Stanley,20335656,SG/G/UTIL,3000,DET@MIL 11/24/2021 08:00PM ET,DET,0.0
456,SG,Chris Smith (20335659),Chris Smith,20335659,SG/G/UTIL,3000,DET@MIL 11/24/2021 08:00PM ET,DET,0.0
457,SF,Rayjon Tucker (20335698),Rayjon Tucker,20335698,SF/F/UTIL,3000,DET@MIL 11/24/2021 08:00PM ET,MIL,0.0
458,SF,Rodney McGruder (20335740),Rodney McGruder,20335740,SF/F/UTIL,3000,DET@MIL 11/24/2021 08:00PM ET,DET,4.14
459,SG,Marcus Garrett (20334770),Marcus Garrett,20334770,SG/G/UTIL,3000,MIA@MIN 11/24/2021 08:00PM ET,MIA,1.06
460,PG/SG,D.J. Stewart Jr. (20334776),D.J. Stewart Jr.,20334776,PG/SG/G/UTIL,3000,MIA@MIN 11/24/2021 08:00PM ET,MIA,0.0
461,C,Nathan Knight (20334813),Nathan Knight,20334813,C/UTIL,3000,MIA@MIN 11/24/2021 08:00PM ET,MIN,3.68
462,C,Udonis Haslem (20334849),Udonis Haslem,20334849,C/UTIL,3000,MIA@MIN 11/24/2021 08:00PM ET,MIA,3.94
463,C,Omer Yurtseven (20334851),Omer Yurtseven,20334851,C/UTIL,3000,MIA@MIN 11/24/2021 08:00PM ET,MIA,2.82
464,SF/PF,Jake Layman (20334891),Jake Layman,20334891,SF/PF/F/UTIL,3000,MIA@MIN 11/24/2021 08:00PM ET,MIN,1.79
465,SF/PF,Taurean Prince (20334895),Taurean Prince,20334895,SF/PF/F/UTIL,3000,MIA@MIN 11/24/2021 08:00PM ET,MIN,8.1
466,SF/PF,Micah Potter (20334947),Micah Potter,20334947,SF/PF/F/UTIL,3000,MIA@MIN 11/24/2021 08:00PM ET,MIA,0.0
467,PF/C,Markieff Morris (20335011),Markieff Morris,20335011,PF/C/F/UTIL,3000,MIA@MIN 11/24/2021 08:00PM ET,MIA,13.9
468,PF/C,Naz Reid (20335039),Naz Reid,20335039,PF/C/F/UTIL,3000,MIA@MIN 11/24/2021 08:00PM ET,MIN,17.18
469,PG/SG,Isaiah Miller (20335059),Isaiah Miller,20335059,PG/SG/G/UTIL,3000,MIA@MIN 11/24/2021 08:00PM ET,MIN,0.0
470,PG/SG,Matt Lewis (20335063),Matt Lewis,20335063,PG/SG/G/UTIL,3000,MIA@MIN 11/24/2021 08:00PM ET,MIN,0.0
471,PG/SG,Jaylen Nowell (20335067),Jaylen Nowell,20335067,PG/SG/G/UTIL,3000,MIA@MIN 11/24/2021 08:00PM ET,MIN,5.84
472,PG/SG,Javonte Smart (20335143),Javonte Smart,20335143,PG/SG/G/UTIL,3000,MIA@MIN 11/24/2021 08:00PM ET,MIA,0.0
473,PG/SG,Dru Smith (20335147),Dru Smith,20335147,PG/SG/G/UTIL,3000,MIA@MIN 11/24/2021 08:00PM ET,MIA,0.0
474,SG/SF,Josh Okogie (20335231),Josh Okogie,20335231,SG/SF/F/G/UTIL,3000,MIA@MIN 11/24/2021 08:00PM ET,MIN,9.48
475,PG,Jordan McLaughlin (20335323),Jordan McLaughlin,20335323,PG/G/UTIL,3000,MIA@MIN 11/24/2021 08:00PM ET,MIN,6.98
476,PG,McKinley Wright IV (20335326),McKinley Wright IV,20335326,PG/G/UTIL,3000,MIA@MIN 11/24/2021 08:00PM ET,MIN,3.0
477,PG,Gabe Vincent (20335407),Gabe Vincent,20335407,PG/G/UTIL,3000,MIA@MIN 11/24/2021 08:00PM ET,MIA,8.77
478,PF,Chris Silva (20335458),Chris Silva,20335458,PF/F/UTIL,3000,MIA@MIN 11/24/2021 08:00PM ET,MIN,0.0
479,PF,KZ Okpala (20335515),KZ Okpala,20335515,PF/F/UTIL,3000,MIA@MIN 11/24/2021 08:00PM ET,MIA,3.78
480,SG,Leandro Bolmaro (20335566),Leandro Bolmaro,20335566,SG/G/UTIL,3000,MIA@MIN 11/24/2021 08:00PM ET,MIN,2.96
481,SF,Vincent Edwards (20335692),Vincent Edwards,20335692,SF/F/UTIL,3000,MIA@MIN 11/24/2021 08:00PM ET,MIN,0.0
482,SF,Brian Bowen II (20335695),Brian Bowen II,20335695,SF/F/UTIL,3000,MIA@MIN 11/24/2021 08:00PM ET,MIN,0.0
483,SF,James Ennis III (20334756),James Ennis III,20334756,SF/F/UTIL,3000,CHA@ORL 11/24/2021 07:00PM ET,ORL,0.0
484,SG,Gary Harris (20334788),Gary Harris,20334788,SG/G/UTIL,3000,CHA@ORL 11/24/2021 07:00PM ET,ORL,9.62
485,C,Jon Teske (20334809),Jon Teske,20334809,C/UTIL,3000,CHA@ORL 11/24/2021 07:00PM ET,ORL,0.0
486,C,Nick Richards (20334839),Nick Richards,20334839,C/UTIL,3000,CHA@ORL 11/24/2021 07:00PM ET,CHA,8.14
487,C,Kai Jones (20334841),Kai Jones,20334841,C/UTIL,3000,CHA@ORL 11/24/2021 07:00PM ET,CHA,-0.3
488,C,Vernon Carey Jr. (20334843),Vernon Carey Jr.,20334843,C/UTIL,3000,CHA@ORL 11/24/2021 07:00PM ET,CHA,1.25
489,SF/PF,Jeremiah Tilmon (20334887),Jeremiah Tilmon,20334887,SF/PF/F/UTIL,3000,CHA@ORL 11/24/2021 07:00PM ET,ORL,0.0
490,SF/PF,Cameron McGriff (20334935),Cameron McGriff,20334935,SF/PF/F/UTIL,3000,CHA@ORL 11/24/2021 07:00PM ET,CHA,0.0
491,SF/PF,Xavier Sneed (20334939),Xavier Sneed,20334939,SF/PF/F/UTIL,3000,CHA@ORL 11/24/2021 07:00PM ET,CHA,0.0
492,SF/PF,Arnoldas Kulboka (20334943),Arnoldas Kulboka,20334943,SF/PF/F/UTIL,3000,CHA@ORL 11/24/2021 07:00PM ET,CHA,0.0
493,PG/SG,Hassani Gravett (20335055),Hassani Gravett,20335055,PG/SG/G/UTIL,3000,CHA@ORL 11/24/2021 07:00PM ET,ORL,0.0
494,PG/SG,Jalen Crutcher (20335127),Jalen Crutcher,20335127,PG/SG/G/UTIL,3000,CHA@ORL 11/24/2021 07:00PM ET,CHA,0.0
495,PG/SG,D.J. Carton (20335131),D.J. Carton,20335131,PG/SG/G/UTIL,3000,CHA@ORL 11/24/2021 07:00PM ET,CHA,0.0
496,SG/SF,E'Twaun Moore (20335221),E'Twaun Moore,20335221,SG/SF/F/G/UTIL,3000,CHA@ORL 11/24/2021 07:00PM ET,ORL,0.0
497,PG,Devin Cannady (20335308),Devin Cannady,20335308,PG/G/UTIL,3000,CHA@ORL 11/24/2021 07:00PM ET,ORL,0.0
498,PG,Ish Smith (20335389),Ish Smith,20335389,PG/G/UTIL,3000,CHA@ORL 11/24/2021 07:00PM ET,CHA,10.53
499,PF,Ignas Brazdeikis (20335440),Ignas Brazdeikis,20335440,PF/F/UTIL,3000,CHA@ORL 11/24/2021 07:00PM ET,ORL,4.75
500,PF,Jonathan Isaac (20335443),Jonathan Isaac,20335443,PF/F/UTIL,3000,CHA@ORL 11/24/2021 07:00PM ET,ORL,0.0
501,PF,JT Thor (20335509),JT Thor,20335509,PF/F/UTIL,3000,CHA@ORL 11/24/2021 07:00PM ET,CHA,0.0
502,PF,Jalen McDaniels (20335548),Jalen McDaniels,20335548,PF/F/UTIL,3000,CHA@ORL 11/24/2021 07:00PM ET,CHA,10.78
503,SG,Sindarius Thornwell (20335557),Sindarius Thornwell,20335557,SG/G/UTIL,3000,CHA@ORL 11/24/2021 07:00PM ET,ORL,0.0
504,SG,LiAngelo Ball (20335638),LiAngelo Ball,20335638,SG/G/UTIL,3000,CHA@ORL 11/24/2021 07:00PM ET,CHA,0.0
505,SG,Wes Iwundu (20335641),Wes Iwundu,20335641,SG/G/UTIL,3000,CHA@ORL 11/24/2021 07:00PM ET,CHA,0.0
506,SG,Scottie Lewis (20335644),Scottie Lewis,20335644,SG/G/UTIL,3000,CHA@ORL 11/24/2021 07:00PM ET,CHA,0.0
507,SG,James Bouknight (20335647),James Bouknight,20335647,SG/G/UTIL,3000,CHA@ORL 11/24/2021 07:00PM ET,CHA,0.42
508,SF,B.J. Johnson (20335686),B.J. Johnson,20335686,SF/F/UTIL,3000,CHA@ORL 11/24/2021 07:00PM ET,ORL,0.0
509,SF,Admiral Schofield (20335689),Admiral Schofield,20335689,SF/F/UTIL,3000,CHA@ORL 11/24/2021 07:00PM ET,ORL,0.0
510,C,Marques Bolden (20334865),Marques Bolden,20334865,C/UTIL,3000,UTA@OKC 11/24/2021 08:00PM ET,UTA,0.0
511,C,Udoka Azubuike (20334867),Udoka Azubuike,20334867,C/UTIL,3000,UTA@OKC 11/24/2021 08:00PM ET,UTA,1.62
512,SF/PF,Olivier Sarr (20334907),Olivier Sarr,20334907,SF/PF/F/UTIL,3000,UTA@OKC 11/24/2021 08:00PM ET,OKC,0.0
513,SF/PF,Mamadi Diakite (20334911),Mamadi Diakite,20334911,SF/PF/F/UTIL,3000,UTA@OKC 11/24/2021 08:00PM ET,OKC,0.0
514,PF/C,Eric Paschall (20335027),Eric Paschall,20335027,PF/C/F/UTIL,3000,UTA@OKC 11/24/2021 08:00PM ET,UTA,8.55
515,PG/SG,Zavier Simpson (20335079),Zavier Simpson,20335079,PG/SG/G/UTIL,3000,UTA@OKC 11/24/2021 08:00PM ET,OKC,0.0
516,PG/SG,Justin Jaworski (20335083),Justin Jaworski,20335083,PG/SG/G/UTIL,3000,UTA@OKC 11/24/2021 08:00PM ET,OKC,0.0
517,PG/SG,Rob Edwards (20335087),Rob Edwards,20335087,PG/SG/G/UTIL,3000,UTA@OKC 11/24/2021 08:00PM ET,OKC,0.0
518,PG/SG,Theo Maledon (20335091),Theo Maledon,20335091,PG/SG/G/UTIL,3000,UTA@OKC 11/24/2021 08:00PM ET,OKC,6.44
519,PG/SG,Jared Butler (20335183),Jared Butler,20335183,PG/SG/G/UTIL,3000,UTA@OKC 11/24/2021 08:00PM ET,UTA,4.02
520,PG/SG,Derrick Alston Jr. (20335187),Derrick Alston Jr.,20335187,PG/SG/G/UTIL,3000,UTA@OKC 11/24/2021 08:00PM ET,UTA,0.0
521,PG/SG,MaCio Teague (20335191),MaCio Teague,20335191,PG/SG/G/UTIL,3000,UTA@OKC 11/24/2021 08:00PM ET,UTA,0.0
522,SG/SF,Miye Oni (20335276),Miye Oni,20335276,SG/SF/F/G/UTIL,3000,UTA@OKC 11/24/2021 08:00PM ET,UTA,1.09
523,PG,Tre Mann (20335371),Tre Mann,20335371,PG/G/UTIL,3000,UTA@OKC 11/24/2021 08:00PM ET,OKC,8.7
524,PF,D.J. Wilson (20335485),D.J. Wilson,20335485,PF/F/UTIL,3000,UTA@OKC 11/24/2021 08:00PM ET,OKC,0.0
525,PF,Jaylen Hoard (20335488),Jaylen Hoard,20335488,PF/F/UTIL,3000,UTA@OKC 11/24/2021 08:00PM ET,OKC,0.0
526,PF,Nino Johnson (20335530),Nino Johnson,20335530,PF/F/UTIL,3000,UTA@OKC 11/24/2021 08:00PM ET,UTA,0.0
527,PF,Ersan Ilyasova (20335533),Ersan Ilyasova,20335533,PF/F/UTIL,3000,UTA@OKC 11/24/2021 08:00PM ET,UTA,0.0
528,PF,Malik Fitts (20335536),Malik Fitts,20335536,PF/F/UTIL,3000,UTA@OKC 11/24/2021 08:00PM ET,UTA,0.83
529,PF,Jarrell Brantley (20335539),Jarrell Brantley,20335539,PF/F/UTIL,3000,UTA@OKC 11/24/2021 08:00PM ET,UTA,0.0
530,SG,Scotty Hopson (20335599),Scotty Hopson,20335599,SG/G/UTIL,3000,UTA@OKC 11/24/2021 08:00PM ET,OKC,0.0
531,SG,Paul Watson (20335602),Paul Watson,20335602,SG/G/UTIL,3000,UTA@OKC 11/24/2021 08:00PM ET,OKC,0.0
532,SG,Vit Krejci (20335605),Vit Krejci,20335605,SG/G/UTIL,3000,UTA@OKC 11/24/2021 08:00PM ET,OKC,1.75
533,SG,Aaron Wiggins (20335608),Aaron Wiggins,20335608,SG/G/UTIL,3000,UTA@OKC 11/24/2021 08:00PM ET,OKC,7.92
534,SG,Trent Forrest (20335671),Trent Forrest,20335671,SG/G/UTIL,3000,UTA@OKC 11/24/2021 08:00PM ET,UTA,3.52
535,SF,Melvin Frazier Jr. (20335716),Melvin Frazier Jr.,20335716,SF/F/UTIL,3000,UTA@OKC 11/24/2021 08:00PM ET,OKC,0.0
536,SF,Charlie Brown (20335719),Charlie Brown,20335719,SF/F/UTIL,3000,UTA@OKC 11/24/2021 08:00PM ET,OKC,0.0
537,SF,Elijah Hughes (20335755),Elijah Hughes,20335755,SF/F/UTIL,3000,UTA@OKC 11/24/2021 08:00PM ET,UTA,0.81
538,C,Jaxson Hayes (20334821),Jaxson Hayes,20334821,C/UTIL,3000,WAS@NOP 11/24/2021 08:00PM ET,NOP,11.79
539,C,Jaime Echenique (20334861),Jaime Echenique,20334861,C/UTIL,3000,WAS@NOP 11/24/2021 08:00PM ET,WAS,0.0
540,C,Isaiah Todd (20334863),Isaiah Todd,20334863,C/UTIL,3000,WAS@NOP 11/24/2021 08:00PM ET,WAS,4.42
541,SF/PF,Anthony Gill (20334963),Anthony Gill,20334963,SF/PF/F/UTIL,3000,WAS@NOP 11/24/2021 08:00PM ET,WAS,3.44
542,PF/C,James Banks III (20334995),James Banks III,20334995,PF/C/F/UTIL,3000,WAS@NOP 11/24/2021 08:00PM ET,NOP,0.0
543,PG/SG,Tomas Satoransky (20335071),Tomas Satoransky,20335071,PG/SG/G/UTIL,3000,WAS@NOP 11/24/2021 08:00PM ET,NOP,8.52
544,PG/SG,John Petty Jr. (20335075),John Petty Jr.,20335075,PG/SG/G/UTIL,3000,WAS@NOP 11/24/2021 08:00PM ET,NOP,0.0
545,PG/SG,Devontae Shuler (20335163),Devontae Shuler,20335163,PG/SG/G/UTIL,3000,WAS@NOP 11/24/2021 08:00PM ET,WAS,0.0
546,PG/SG,Jordan Schakel (20335167),Jordan Schakel,20335167,PG/SG/G/UTIL,3000,WAS@NOP 11/24/2021 08:00PM ET,WAS,0.0
547,PG/SG,Jordan Goodwin (20335171),Jordan Goodwin,20335171,PG/SG/G/UTIL,3000,WAS@NOP 11/24/2021 08:00PM ET,WAS,0.0
548,PG/SG,Joel Ayayi (20335175),Joel Ayayi,20335175,PG/SG/G/UTIL,3000,WAS@NOP 11/24/2021 08:00PM ET,WAS,1.42
549,PG/SG,Caleb Homesley (20335179),Caleb Homesley,20335179,PG/SG/G/UTIL,3000,WAS@NOP 11/24/2021 08:00PM ET,WAS,0.0
550,SG/SF,Corey Kispert (20335291),Corey Kispert,20335291,SG/SF/F/G/UTIL,3000,WAS@NOP 11/24/2021 08:00PM ET,WAS,7.86
551,PG,Jared Harper (20335365),Jared Harper,20335365,PG/G/UTIL,3000,WAS@NOP 11/24/2021 08:00PM ET,NOP,0.0
552,PG,Jose Alvarado (20335368),Jose Alvarado,20335368,PG/G/UTIL,3000,WAS@NOP 11/24/2021 08:00PM ET,NOP,3.88
553,PG,Cassius Winston (20335425),Cassius Winston,20335425,PG/G/UTIL,3000,WAS@NOP 11/24/2021 08:00PM ET,WAS,0.0
554,PF,Zylan Cheatham (20335479),Zylan Cheatham,20335479,PF/F/UTIL,3000,WAS@NOP 11/24/2021 08:00PM ET,NOP,0.0
555,PF,Daulton Hommes (20335482),Daulton Hommes,20335482,PF/F/UTIL,3000,WAS@NOP 11/24/2021 08:00PM ET,NOP,0.0
556,PF,Davis Bertans (20335527),Davis Bertans,20335527,PF/F/UTIL,3000,WAS@NOP 11/24/2021 08:00PM ET,WAS,9.93
557,SG,Garrett Temple (20335590),Garrett Temple,20335590,SG/G/UTIL,3000,WAS@NOP 11/24/2021 08:00PM ET,NOP,14.26
558,SG,Malcolm Hill (20335593),Malcolm Hill,20335593,SG/G/UTIL,3000,WAS@NOP 11/24/2021 08:00PM ET,NOP,0.0
559,SG,Didi Louzada (20335596),Didi Louzada,20335596,SG/G/UTIL,3000,WAS@NOP 11/24/2021 08:00PM ET,NOP,2.0
560,SF,James Nunnally (20335713),James Nunnally,20335713,SF/F/UTIL,3000,WAS@NOP 11/24/2021 08:00PM ET,NOP,0.0
561,SF,Trey Murphy III (20335770),Trey Murphy III,20335770,SF/F/UTIL,3000,WAS@NOP 11/24/2021 08:00PM ET,NOP,10.18
562,SG,DaQuan Jeffries (20334759),DaQuan Jeffries,20334759,SG/G/UTIL,3000,ATL@SAS 11/24/2021 08:30PM ET,ATL,0.0
563,C,Zach Collins (20334823),Zach Collins,20334823,C/UTIL,3000,ATL@SAS 11/24/2021 08:30PM ET,SAS,0.0
564,C,Jock Landale (20334825),Jock Landale,20334825,C/UTIL,3000,ATL@SAS 11/24/2021 08:30PM ET,SAS,4.62
565,C,Johnny Hamilton (20334869),Johnny Hamilton,20334869,C/UTIL,3000,ATL@SAS 11/24/2021 08:30PM ET,ATL,0.0
566,C,Gorgui Dieng (20334871),Gorgui Dieng,20334871,C/UTIL,3000,ATL@SAS 11/24/2021 08:30PM ET,ATL,8.63
567,C,Jahlil Okafor (20334873),Jahlil Okafor,20334873,C/UTIL,3000,ATL@SAS 11/24/2021 08:30PM ET,ATL,0.0
568,SF/PF,Solomon Hill (20334967),Solomon Hill,20334967,SF/PF/F/UTIL,3000,ATL@SAS 11/24/2021 08:30PM ET,ATL,6.79
569,PF/C,Devontae Cacok (20334999),Devontae Cacok,20334999,PF/C/F/UTIL,3000,ATL@SAS 11/24/2021 08:30PM ET,SAS,0.0
570,PF/C,Onyeka Okongwu (20335031),Onyeka Okongwu,20335031,PF/C/F/UTIL,3000,ATL@SAS 11/24/2021 08:30PM ET,ATL,0.0
571,PG/SG,Ibi Watson (20335195),Ibi Watson,20335195,PG/SG/G/UTIL,3000,ATL@SAS 11/24/2021 08:30PM ET,ATL,0.0
572,PG/SG,AJ Lawson (20335199),AJ Lawson,20335199,PG/SG/G/UTIL,3000,ATL@SAS 11/24/2021 08:30PM ET,ATL,0.0
573,SG/SF,Denzel Mahoney (20335251),Denzel Mahoney,20335251,SG/SF/F/G/UTIL,3000,ATL@SAS 11/24/2021 08:30PM ET,SAS,0.0
574,PG,Tre Jones (20335374),Tre Jones,20335374,PG/G/UTIL,3000,ATL@SAS 11/24/2021 08:30PM ET,SAS,6.91
575,PG,Sharife Cooper (20335428),Sharife Cooper,20335428,PG/G/UTIL,3000,ATL@SAS 11/24/2021 08:30PM ET,ATL,1.5
576,PF,Al-Farouq Aminu (20335491),Al-Farouq Aminu,20335491,PF/F/UTIL,3000,ATL@SAS 11/24/2021 08:30PM ET,SAS,0.0
577,SG,Bryn Forbes (20335611),Bryn Forbes,20335611,SG/G/UTIL,3000,ATL@SAS 11/24/2021 08:30PM ET,SAS,7.39
578,SG,Damyean Dotson (20335614),Damyean Dotson,20335614,SG/G/UTIL,3000,ATL@SAS 11/24/2021 08:30PM ET,SAS,0.0
579,SG,Jaylen Morris (20335617),Jaylen Morris,20335617,SG/G/UTIL,3000,ATL@SAS 11/24/2021 08:30PM ET,SAS,0.0
580,SG,Joe Wieskamp (20335620),Joe Wieskamp,20335620,SG/G/UTIL,3000,ATL@SAS 11/24/2021 08:30PM ET,SAS,3.5
581,SG,Joshua Primo (20335623),Joshua Primo,20335623,SG/G/UTIL,3000,ATL@SAS 11/24/2021 08:30PM ET,SAS,2.75
582,SG,Skylar Mays (20335674),Skylar Mays,20335674,SG/G/UTIL,3000,ATL@SAS 11/24/2021 08:30PM ET,ATL,2.5
583,SF,Timothe Luwawu-Cabarrot (20335758),Timothe Luwawu-Cabarrot,20335758,SF/F/UTIL,3000,ATL@SAS 11/24/2021 08:30PM ET,ATL,2.54
584,SF,Jalen Johnson (20335761),Jalen Johnson,20335761,SF/F/UTIL,3000,ATL@SAS 11/24/2021 08:30PM ET,ATL,3.04
